date,actual_max,solar_radiation,sunshine_hours
2021-06-01,71.8,29.77,14.374
2021-06-02,70.7,26.33,14.372
2021-06-03,83.4,26.11,14.37
2021-06-04,92.2,27.38,14.0
2021-06-05,92.7,28.43,14.366
2021-06-06,89.7,24.51,13.458
2021-06-07,78.2,9.53,4.095
2021-06-08,79.8,19.13,11.821
2021-06-09,78.3,23.57,13.179
2021-06-10,79.5,24.51,13.0
2021-06-11,84.5,24.15,13.0
2021-06-12,81.4,22.81,12.0
2021-06-13,80.5,28.7,14.559
2021-06-14,75.8,27.72,14.46
2021-06-15,71.5,25.11,14.465
2021-06-16,70.8,30.66,14.562
2021-06-17,90.7,27.3,13.462
2021-06-18,91.6,23.04,11.612
2021-06-19,91.5,25.73,13.0
2021-06-20,80.3,16.05,8.389
2021-06-21,72.8,18.47,11.072
2021-06-22,72.6,19.94,11.332
2021-06-23,78.1,15.85,10.666
2021-06-24,78.0,12.63,3.07
2021-06-25,80.5,11.93,4.845
2021-06-26,81.2,9.87,2.625
2021-06-27,82.9,21.6,11.966
2021-06-28,74.4,12.96,5.33
2021-06-29,83.0,12.6,5.948
2021-06-30,79.2,16.56,8.95
2021-07-01,70.0,28.75,14.0
2021-07-02,66.0,28.73,14.204
2021-07-03,86.7,28.16,14.208
2021-07-04,89.5,27.39,14.114
2021-07-05,90.4,28.89,14.217
2021-07-06,90.2,24.53,14.024
2021-07-07,85.9,18.17,11.133
2021-07-08,65.6,13.86,5.881
2021-07-09,72.4,27.92,14.039
2021-07-10,73.0,13.51,4.224
2021-07-11,67.5,11.25,3.681
2021-07-12,72.0,12.95,5.307
2021-07-13,77.7,15.59,7.136
2021-07-14,85.7,22.14,11.292
2021-07-15,78.4,11.58,2.652
2021-07-16,68.3,11.03,1.386
2021-07-17,70.4,24.78,12.261
2021-07-18,76.3,26.66,14.0
2021-07-19,79.2,26.49,14.005
2021-07-20,87.5,27.35,13.971
2021-07-21,70.4,18.02,9.381
2021-07-22,80.9,18.13,11.778
2021-07-23,86.4,21.52,13.706
2021-07-24,90.0,21.24,14.0
2021-07-25,89.1,26.75,13.304
2021-07-26,88.5,27.92,14.0
2021-07-27,90.3,25.06,14.0
2021-07-28,89.1,20.61,13.819
2021-07-29,86.2,23.35,12.633
2021-07-30,68.4,22.81,9.461
2021-07-31,80.3,26.27,14.0
2021-08-01,71.2,22.93,14.0
2021-08-02,74.2,19.94,14.0
2021-08-03,78.5,24.27,14.0
2021-08-04,80.6,24.18,14.0
2021-08-05,85.2,24.15,13.995
2021-08-06,79.0,13.52,6.471
2021-08-07,85.6,20.6,13.451
2021-08-08,88.1,22.01,13.0
2021-08-09,81.0,9.25,0.813
2021-08-10,91.5,21.32,12.504
2021-08-11,89.3,17.29,6.582
2021-08-12,90.2,23.35,12.0
2021-08-13,77.6,22.09,12.351
2021-08-14,76.4,25.62,13.091
2021-08-15,76.7,25.86,13.707
2021-08-16,76.0,25.16,13.666
2021-08-17,78.3,21.34,13.34
2021-08-18,80.6,18.98,10.838
2021-08-19,82.1,20.11,13.328
2021-08-20,82.2,20.29,13.233
2021-08-21,87.6,18.85,12.599
2021-08-22,74.3,22.46,12.972
2021-08-23,88.3,18.19,11.391
2021-08-24,88.9,14.67,7.965
2021-08-25,91.0,18.52,12.548
2021-08-26,84.7,21.38,12.61
2021-08-27,88.8,20.97,12.249
2021-08-28,92.1,17.74,9.606
2021-08-29,88.7,17.73,12.613
2021-08-30,80.9,22.83,12.676
2021-08-31,79.4,19.38,9.73
2021-09-01,73.5,20.63,12.473
2021-09-02,75.1,19.88,11.315
2021-09-03,76.1,8.96,5.0
2021-09-04,78.0,9.08,2.351
2021-09-05,81.6,20.1,12.406
2021-09-06,75.8,22.31,12.327
2021-09-07,85.7,14.54,10.249
2021-09-08,76.6,19.5,12.257
2021-09-09,71.3,18.44,12.179
2021-09-10,78.8,20.89,12.187
2021-09-11,86.9,19.88,11.958
2021-09-12,88.4,18.62,9.996
2021-09-13,79.0,13.87,8.09
2021-09-14,86.5,15.83,10.814
2021-09-15,73.0,18.9,11.983
2021-09-16,78.3,20.35,11.962
2021-09-17,87.8,19.15,11.866
2021-09-18,71.4,16.91,11.716
2021-09-19,81.8,16.58,11.284
2021-09-20,81.0,9.73,6.829
2021-09-21,73.1,8.22,3.756
2021-09-22,61.7,8.48,2.444
2021-09-23,64.8,13.42,8.553
2021-09-24,75.7,18.01,10.742
2021-09-25,68.4,17.98,11.544
2021-09-26,79.9,17.27,10.372
2021-09-27,85.0,18.02,11.315
2021-09-28,68.4,17.8,11.416
2021-09-29,74.0,17.87,11.172
2021-09-30,73.4,15.06,11.014
2021-10-01,81.4,16.05,11.0
2021-10-02,75.8,7.62,2.668
2021-10-03,73.9,10.52,7.373
2021-10-04,66.8,9.42,6.533
2021-10-05,64.6,6.53,4.301
2021-10-06,66.1,8.09,3.22
2021-10-07,70.8,6.59,3.772
2021-10-08,72.5,12.01,8.367
2021-10-09,74.9,14.61,10.97
2021-10-10,78.1,8.36,5.538
2021-10-11,75.2,7.17,4.991
2021-10-12,70.3,7.21,3.322
2021-10-13,70.1,10.21,6.233
2021-10-14,68.6,7.7,4.585
2021-10-15,60.4,6.21,4.093
2021-10-16,57.8,12.78,10.837
2021-10-17,63.6,15.1,10.818
2021-10-18,68.9,14.58,10.793
2021-10-19,68.5,13.01,10.748
2021-10-20,70.4,12.7,10.153
2021-10-21,63.1,5.0,1.229
2021-10-22,55.1,10.34,5.765
2021-10-23,54.0,13.09,10.568
2021-10-24,51.1,1.95,0.0
2021-10-25,52.5,3.04,0.0
2021-10-26,54.4,10.5,10.296
2021-10-27,52.3,13.2,10.149
2021-10-28,55.2,1.99,0.0
2021-10-29,54.8,1.79,0.0
2021-10-30,55.5,10.57,9.704
2021-10-31,52.8,8.06,8.163
2021-11-01,47.6,9.64,9.285
2021-11-02,44.8,11.11,9.546
2021-11-03,43.8,10.04,7.227
2021-11-04,46.5,7.19,6.066
2021-11-05,50.4,11.79,9.71
2021-11-06,55.8,10.74,8.279
2021-11-07,62.5,10.66,9.085
2021-11-08,63.2,10.77,9.002
2021-11-09,55.1,8.07,5.885
2021-11-10,54.4,9.08,7.489
2021-11-11,55.1,3.59,3.246
2021-11-12,43.4,6.18,4.375
2021-11-13,40.7,6.2,4.5
2021-11-14,38.0,3.55,1.475
2021-11-15,34.8,4.41,2.575
2021-11-16,50.3,8.91,7.0
2021-11-17,60.6,2.12,0.0
2021-11-18,42.6,7.53,6.203
2021-11-19,38.0,9.07,8.451
2021-11-20,46.6,5.25,4.515
2021-11-21,52.8,7.86,6.03
2021-11-22,34.0,9.96,9.0
2021-11-23,42.1,9.41,9.0
2021-11-24,49.9,3.26,0.0
2021-11-25,47.4,1.79,0.0
2021-11-26,31.5,8.33,9.0
2021-11-27,39.0,4.24,3.0
2021-11-28,36.6,8.79,8.968
2021-11-29,39.0,3.03,1.696
2021-11-30,47.9,8.95,8.931
2021-12-01,50.3,6.13,4.853
2021-12-02,55.1,8.12,8.0
2021-12-03,46.6,5.36,4.918
2021-12-04,39.4,5.75,6.282
2021-12-05,43.9,1.29,0.0
2021-12-06,37.1,7.21,6.951
2021-12-07,25.5,6.08,5.251
2021-12-08,33.0,8.36,8.329
2021-12-09,43.6,2.27,0.0
2021-12-10,55.7,5.78,5.767
2021-12-11,58.7,5.34,5.501
2021-12-12,47.2,8.31,8.74
2021-12-13,48.8,8.12,8.727
2021-12-14,49.2,6.8,7.581
2021-12-15,65.0,2.74,0.217
2021-12-16,62.7,8.12,8.693
2021-12-17,37.2,8.06,8.601
2021-12-18,39.6,2.36,0.605
2021-12-19,36.1,6.34,8.01
2021-12-20,40.8,7.48,8.653
2021-12-21,39.7,7.13,8.304
2021-12-22,30.6,8.18,8.636
2021-12-23,45.2,5.3,4.702
2021-12-24,56.8,3.05,0.0
2021-12-25,53.0,4.71,4.17
2021-12-26,40.5,6.26,6.785
2021-12-27,49.3,5.06,4.634
2021-12-28,36.6,1.05,0.0
2021-12-29,36.0,5.76,3.687
2021-12-30,37.9,5.61,6.018
2021-12-31,41.0,4.55,3.759
2022-01-01,38.7,1.19,0.0
2022-01-02,28.5,5.97,6.566
2022-01-03,19.7,8.82,8.509
2022-01-04,33.3,7.39,6.937
2022-01-05,30.8,7.52,6.0
2022-01-06,13.7,7.61,7.28
2022-01-07,13.2,9.12,8.671
2022-01-08,31.9,4.29,3.517
2022-01-09,33.6,9.19,8.538
2022-01-10,13.1,9.44,8.564
2022-01-11,36.1,9.08,9.188
2022-01-12,41.0,4.93,2.694
2022-01-13,38.7,6.1,6.407
2022-01-14,34.5,3.03,0.0
2022-01-15,25.7,4.37,0.349
2022-01-16,27.7,8.53,7.158
2022-01-17,29.3,6.31,5.449
2022-01-18,42.7,8.51,8.337
2022-01-19,39.8,8.68,9.297
2022-01-20,17.8,9.28,9.445
2022-01-21,25.6,8.77,6.801
2022-01-22,32.8,6.09,4.069
2022-01-23,22.9,9.13,7.057
2022-01-24,26.8,6.66,4.106
2022-01-25,10.6,11.38,9.609
2022-01-26,9.7,11.49,9.645
2022-01-27,30.8,7.35,5.826
2022-01-28,26.3,6.42,4.415
2022-01-29,19.8,10.98,8.177
2022-01-30,28.9,6.45,3.49
2022-01-31,30.6,11.19,9.107
2022-02-01,44.6,5.68,4.225
2022-02-02,32.9,3.14,0.0
2022-02-03,24.3,4.79,0.0
2022-02-04,22.8,9.89,7.524
2022-02-05,16.3,12.06,9.93
2022-02-06,30.9,11.37,9.317
2022-02-07,27.3,11.15,8.095
2022-02-08,36.3,12.61,9.969
2022-02-09,40.4,7.69,5.735
2022-02-10,33.4,9.69,8.541
2022-02-11,45.3,6.84,4.013
2022-02-12,27.7,13.31,10.0
2022-02-13,19.2,11.97,8.481
2022-02-14,28.7,12.77,10.0
2022-02-15,37.8,12.33,10.0
2022-02-16,56.0,8.24,4.446
2022-02-17,38.6,4.01,0.0
2022-02-18,30.3,14.29,10.0
2022-02-19,29.9,15.4,10.155
2022-02-20,52.3,14.74,10.054
2022-02-21,50.9,12.79,10.043
2022-02-22,51.5,3.52,0.171
2022-02-23,25.3,14.86,9.977
2022-02-24,26.8,5.53,0.716
2022-02-25,27.5,9.2,3.806
2022-02-26,32.9,16.45,10.488
2022-02-27,42.9,15.7,10.551
2022-02-28,53.7,15.53,10.119
2022-03-01,46.3,7.97,4.309
2022-03-02,52.8,10.54,7.904
2022-03-03,32.6,15.03,9.475
2022-03-04,36.6,13.71,9.556
2022-03-05,67.0,14.89,10.751
2022-03-06,58.4,14.71,9.144
2022-03-07,35.7,8.04,1.335
2022-03-08,38.7,18.23,11.431
2022-03-09,42.6,17.76,10.771
2022-03-10,27.0,12.03,7.058
2022-03-11,36.1,17.27,10.221
2022-03-12,24.5,19.37,11.622
2022-03-13,52.4,18.85,10.848
2022-03-14,60.1,15.89,10.698
2022-03-15,42.7,17.7,10.188
2022-03-16,66.9,14.65,11.186
2022-03-17,63.2,15.48,8.738
2022-03-18,40.5,3.57,0.0
2022-03-19,41.5,3.81,0.0
2022-03-20,57.7,19.88,11.981
2022-03-21,70.4,19.23,11.448
2022-03-22,52.4,4.91,0.392
2022-03-23,59.1,9.2,3.921
2022-03-24,46.7,3.3,0.0
2022-03-25,48.5,10.93,9.0
2022-03-26,34.0,12.8,6.69
2022-03-27,34.2,21.89,12.0
2022-03-28,29.4,21.69,12.0
2022-03-29,39.9,10.22,4.402
2022-03-30,58.6,4.76,1.0
2022-03-31,52.4,6.27,0.0
2022-04-01,41.6,21.17,12.0
2022-04-02,39.6,5.59,0.0
2022-04-03,45.2,17.51,10.786
2022-04-04,54.1,18.8,10.136
2022-04-05,48.4,16.08,8.974
2022-04-06,56.4,16.73,7.96
2022-04-07,47.0,14.53,9.153
2022-04-08,37.8,5.97,1.162
2022-04-09,44.3,15.98,10.678
2022-04-10,55.4,22.59,11.474
2022-04-11,58.9,14.77,6.635
2022-04-12,64.6,22.05,12.67
2022-04-13,72.0,10.53,2.277
2022-04-14,49.0,24.23,12.722
2022-04-15,52.1,17.6,10.877
2022-04-16,46.1,22.54,12.35
2022-04-17,39.3,21.47,11.567
2022-04-18,44.3,11.16,4.587
2022-04-19,46.6,20.82,11.863
2022-04-20,51.2,6.95,1.0
2022-04-21,66.9,24.72,11.334
2022-04-22,56.1,4.85,0.0
2022-04-23,79.2,21.75,12.953
2022-04-24,72.9,12.75,6.73
2022-04-25,54.8,15.52,8.558
2022-04-26,49.7,17.54,10.661
2022-04-27,37.4,15.56,7.63
2022-04-28,47.6,11.85,3.108
2022-04-29,55.8,14.57,4.028
2022-04-30,63.7,10.92,2.81
2022-05-01,57.5,9.41,2.326
2022-05-02,56.7,16.06,5.141
2022-05-03,47.0,7.89,1.359
2022-05-04,48.2,25.29,13.506
2022-05-05,49.0,8.09,0.917
2022-05-06,47.3,4.21,0.0
2022-05-07,54.3,28.67,13.864
2022-05-08,59.6,18.99,8.593
2022-05-09,75.1,22.24,12.964
2022-05-10,85.0,21.91,13.0
2022-05-11,74.3,14.28,6.373
2022-05-12,84.3,26.11,13.952
2022-05-13,82.2,27.76,13.969
2022-05-14,76.5,21.79,13.986
2022-05-15,69.8,18.06,6.145
2022-05-16,74.3,24.44,13.824
2022-05-17,59.7,23.22,10.319
2022-05-18,59.2,12.66,6.0
2022-05-19,82.6,25.09,14.0
2022-05-20,86.3,18.09,8.393
2022-05-21,62.1,12.12,3.209
2022-05-22,62.3,26.55,13.886
2022-05-23,56.4,29.05,13.052
2022-05-24,58.3,18.96,8.892
2022-05-25,71.5,9.94,1.523
2022-05-26,75.1,17.23,7.661
2022-05-27,59.6,12.51,4.534
2022-05-28,70.4,26.42,14.291
2022-05-29,80.8,26.09,13.493
2022-05-30,84.6,28.09,14.284
2022-05-31,83.2,17.95,8.989
2022-06-01,69.0,18.18,9.206
2022-06-02,72.3,27.43,14.275
2022-06-03,78.4,30.25,14.371
2022-06-04,65.3,14.6,6.665
2022-06-05,67.3,21.92,10.0
2022-06-06,80.1,17.86,5.0
2022-06-07,62.1,22.23,9.587
2022-06-08,64.6,11.48,3.751
2022-06-09,75.9,27.18,14.194
2022-06-10,76.1,17.61,9.382
2022-06-11,73.1,16.18,7.158
2022-06-12,63.2,25.31,13.104
2022-06-13,84.4,18.37,10.114
2022-06-14,94.8,28.71,14.0
2022-06-15,93.3,27.39,14.0
2022-06-16,91.1,29.53,14.002
2022-06-17,82.1,29.89,14.462
2022-06-18,63.2,30.79,14.463
2022-06-19,82.0,28.41,14.465
2022-06-20,91.7,30.01,14.466
2022-06-21,96.9,28.56,14.468
2022-06-22,87.3,27.91,14.272
2022-06-23,77.7,30.16,14.373
2022-06-24,85.8,29.5,14.376
2022-06-25,76.0,11.44,4.436
2022-06-26,80.7,28.35,14.183
2022-06-27,73.5,30.56,14.384
2022-06-28,83.9,25.49,13.865
2022-06-29,80.4,28.23,14.0
2022-06-30,91.1,29.32,14.295
2022-07-01,79.5,18.7,7.281
2022-07-02,79.5,27.06,14.302
2022-07-03,79.2,26.59,14.207
2022-07-04,87.9,19.34,9.254
2022-07-05,85.0,16.51,7.0
2022-07-06,71.7,21.64,13.9
2022-07-07,80.0,22.29,13.11
2022-07-08,73.8,8.04,1.602
2022-07-09,70.9,29.4,14.043
2022-07-10,80.4,29.38,14.142
2022-07-11,86.8,19.81,10.091
2022-07-12,84.7,28.18,14.056
2022-07-13,77.4,24.16,14.0
2022-07-14,72.6,28.7,14.068
2022-07-15,76.5,10.95,3.497
2022-07-16,71.4,21.93,11.0
2022-07-17,74.0,14.04,6.014
2022-07-18,84.8,27.86,14.0
2022-07-19,87.2,27.82,14.003
2022-07-20,89.5,25.56,14.0
2022-07-21,87.3,23.89,14.017
2022-07-22,87.9,26.07,14.0
2022-07-23,87.4,24.45,11.483
2022-07-24,86.6,18.41,9.058
2022-07-25,72.5,21.25,12.901
2022-07-26,76.7,24.47,13.012
2022-07-27,83.4,22.32,12.543
2022-07-28,80.8,23.1,12.0
2022-07-29,79.0,24.5,14.0
2022-07-30,78.4,23.09,14.0
2022-07-31,83.0,23.06,13.734
2022-08-01,86.6,23.45,13.0
2022-08-02,85.2,26.56,14.0
2022-08-03,86.3,14.34,7.309
2022-08-04,75.4,20.33,9.297
2022-08-05,80.5,24.46,14.0
2022-08-06,89.9,24.09,13.98
2022-08-07,82.9,6.65,1.127
2022-08-08,84.2,10.74,3.591
2022-08-09,69.5,26.56,13.916
2022-08-10,79.9,25.84,13.894
2022-08-11,73.6,24.78,13.872
2022-08-12,72.4,15.52,5.881
2022-08-13,77.6,20.19,11.306
2022-08-14,71.8,14.84,9.339
2022-08-15,72.3,20.67,11.623
2022-08-16,73.1,24.81,13.676
2022-08-17,74.8,21.54,13.634
2022-08-18,80.3,22.6,12.894
2022-08-19,83.7,22.28,12.87
2022-08-20,79.3,16.46,5.768
2022-08-21,72.1,19.06,10.393
2022-08-22,75.8,22.45,13.135
2022-08-23,79.2,22.51,12.81
2022-08-24,80.3,21.15,12.949
2022-08-25,82.2,14.22,8.196
2022-08-26,70.7,20.9,11.826
2022-08-27,75.9,22.64,11.755
2022-08-28,85.8,17.91,10.738
2022-08-29,88.9,17.41,9.971
2022-08-30,79.7,23.34,12.68
2022-08-31,84.1,22.38,12.626
2022-09-01,86.6,21.62,12.46
2022-09-02,85.8,18.71,12.0
2022-09-03,79.5,18.09,11.853
2022-09-04,71.1,10.04,3.17
2022-09-05,68.3,11.62,6.209
2022-09-06,74.6,15.86,8.156
2022-09-07,75.1,20.38,12.0
2022-09-08,80.4,21.47,12.255
2022-09-09,81.0,21.85,12.263
2022-09-10,80.7,20.4,12.185
2022-09-11,69.0,4.29,1.312
2022-09-12,64.1,13.05,8.998
2022-09-13,75.4,18.1,11.32
2022-09-14,73.1,20.14,12.008
2022-09-15,80.5,19.43,11.536
2022-09-16,82.0,18.49,11.524
2022-09-17,85.7,17.29,11.02
2022-09-18,84.3,18.1,9.845
2022-09-19,70.9,19.98,11.816
2022-09-20,87.2,17.11,10.77
2022-09-21,81.2,15.62,11.0
2022-09-22,62.5,18.09,11.729
2022-09-23,61.0,13.51,7.079
2022-09-24,69.8,13.48,7.795
2022-09-25,67.5,12.66,10.483
2022-09-26,60.7,15.29,11.469
2022-09-27,56.9,14.43,10.548
2022-09-28,55.9,16.81,10.618
2022-09-29,58.5,14.91,10.879
2022-09-30,61.8,17.13,11.27
2022-10-01,63.9,17.92,11.199
2022-10-02,60.5,13.4,10.345
2022-10-03,61.4,18.09,11.142
2022-10-04,70.3,17.37,11.07
2022-10-05,73.3,15.7,10.775
2022-10-06,73.0,13.8,9.08
2022-10-07,52.3,12.26,9.041
2022-10-08,55.6,15.3,10.994
2022-10-09,65.6,16.3,10.975
2022-10-10,64.2,16.03,10.956
2022-10-11,71.6,10.85,7.937
2022-10-12,68.2,7.22,5.275
2022-10-13,53.1,13.67,10.684
2022-10-14,58.0,13.54,7.534
2022-10-15,52.2,15.48,10.861
2022-10-16,53.4,9.54,6.076
2022-10-17,42.3,7.0,3.238
2022-10-18,45.6,9.27,5.615
2022-10-19,46.1,15.24,10.757
2022-10-20,57.8,12.04,10.463
2022-10-21,70.8,14.18,10.666
2022-10-22,75.7,13.85,10.621
2022-10-23,74.1,12.48,10.576
2022-10-24,71.9,8.28,6.274
2022-10-25,68.6,2.66,0.0
2022-10-26,53.4,13.33,9.801
2022-10-27,49.8,11.39,9.509
2022-10-28,54.1,13.12,10.276
2022-10-29,57.8,12.82,9.991
2022-10-30,57.3,6.5,2.14
2022-10-31,55.8,2.91,0.0
2022-11-01,66.5,12.44,10.054
2022-11-02,67.7,12.09,9.952
2022-11-03,70.3,11.53,9.843
2022-11-04,69.3,6.19,2.846
2022-11-05,67.6,4.05,1.938
2022-11-06,60.6,10.35,8.825
2022-11-07,50.8,11.75,9.562
2022-11-08,51.1,10.54,8.047
2022-11-09,68.0,8.42,7.041
2022-11-10,72.2,9.76,8.504
2022-11-11,60.3,9.24,8.041
2022-11-12,38.2,4.44,0.658
2022-11-13,37.0,9.63,9.162
2022-11-14,39.9,9.32,8.0
2022-11-15,38.0,2.73,0.0
2022-11-16,36.2,2.56,0.0
2022-11-17,34.8,8.07,7.002
2022-11-18,28.1,6.48,5.761
2022-11-19,29.8,7.48,7.916
2022-11-20,32.6,9.65,9.0
2022-11-21,44.8,9.81,9.0
2022-11-22,48.8,9.55,9.034
2022-11-23,53.1,9.41,9.04
2022-11-24,52.2,3.39,3.411
2022-11-25,50.2,9.38,9.0
2022-11-26,52.2,9.3,9.0
2022-11-27,44.0,2.16,0.0
2022-11-28,46.2,7.96,8.971
2022-11-29,57.4,6.13,4.202
2022-11-30,38.1,8.24,8.934
2022-12-01,35.5,8.78,8.916
2022-12-02,50.6,4.58,2.0
2022-12-03,49.2,9.05,8.88
2022-12-04,38.0,8.9,8.864
2022-12-05,42.3,3.57,1.645
2022-12-06,42.9,3.69,0.887
2022-12-07,44.8,3.0,1.365
2022-12-08,40.7,4.39,1.636
2022-12-09,37.1,0.94,0.0
2022-12-10,38.9,1.87,0.0
2022-12-11,39.8,3.54,0.491
2022-12-12,40.9,3.21,1.994
2022-12-13,38.2,3.27,0.0
2022-12-14,44.1,1.22,0.0
2022-12-15,39.0,3.79,2.502
2022-12-16,32.1,3.11,0.0
2022-12-17,27.7,5.93,4.156
2022-12-18,24.2,6.52,6.693
2022-12-19,26.3,6.6,6.913
2022-12-20,35.8,7.59,7.0
2022-12-21,30.5,2.87,0.373
2022-12-22,33.8,2.52,1.0
2022-12-23,-0.7,7.46,7.875
2022-12-24,14.8,8.29,8.258
2022-12-25,14.6,8.49,8.525
2022-12-26,23.5,5.35,4.339
2022-12-27,26.5,7.97,8.529
2022-12-28,45.4,7.23,8.0
2022-12-29,56.8,4.45,3.597
2022-12-30,53.6,3.66,0.0
2022-12-31,36.2,6.31,6.947
2023-01-01,47.9,7.49,7.254
2023-01-02,40.2,4.82,2.105
2023-01-03,49.8,1.71,0.0
2023-01-04,47.4,2.63,0.0
2023-01-05,33.7,2.4,0.0
2023-01-06,33.7,4.91,4.862
2023-01-07,32.6,6.06,5.842
2023-01-08,35.1,4.49,3.363
2023-01-09,42.6,8.69,8.851
2023-01-10,46.2,8.51,8.532
2023-01-11,50.2,6.9,6.0
2023-01-12,42.2,2.75,0.0
2023-01-13,34.3,3.39,0.053
2023-01-14,32.7,8.37,8.725
2023-01-15,41.2,7.86,7.336
2023-01-16,48.6,2.43,0.0
2023-01-17,48.2,2.82,0.0
2023-01-18,38.8,4.22,1.394
2023-01-19,41.0,2.81,0.0
2023-01-20,34.8,3.94,0.26
2023-01-21,36.2,7.22,4.963
2023-01-22,33.5,2.53,0.0
2023-01-23,31.4,8.9,7.282
2023-01-24,38.2,8.69,7.173
2023-01-25,33.7,2.89,0.0
2023-01-26,31.4,5.49,0.064
2023-01-27,36.9,5.34,1.511
2023-01-28,30.0,3.21,0.0
2023-01-29,30.5,5.81,0.692
2023-01-30,16.0,9.62,7.403
2023-01-31,11.9,11.47,9.629
2023-02-01,26.8,11.99,9.852
2023-02-02,31.7,11.65,9.87
2023-02-03,11.7,12.16,9.888
2023-02-04,40.0,11.1,7.906
2023-02-05,42.6,11.2,9.924
2023-02-06,41.4,11.1,9.943
2023-02-07,49.8,10.67,9.0
2023-02-08,42.4,9.82,8.982
2023-02-09,43.1,2.28,0.0
2023-02-10,36.2,13.31,10.0
2023-02-11,45.1,13.28,10.0
2023-02-12,50.0,13.4,10.0
2023-02-13,49.6,13.55,10.0
2023-02-14,53.9,7.05,5.062
2023-02-15,49.0,10.95,8.082
2023-02-16,34.7,2.13,0.0
2023-02-17,25.2,15.0,10.09
2023-02-18,44.4,12.77,10.0
2023-02-19,50.6,14.36,10.068
2023-02-20,39.0,12.74,9.674
2023-02-21,38.0,14.39,9.716
2023-02-22,33.4,1.98,0.0
2023-02-23,42.4,11.39,8.923
2023-02-24,26.1,13.8,9.0
2023-02-25,39.2,14.36,10.356
2023-02-26,44.8,15.94,10.406
2023-02-27,59.5,7.98,5.477
2023-02-28,47.8,14.37,8.0
2023-03-01,56.0,14.77,10.509
2023-03-02,39.7,9.75,8.416
2023-03-03,36.7,4.15,0.0
2023-03-04,49.6,12.11,7.417
2023-03-05,42.5,16.7,10.402
2023-03-06,53.1,11.01,7.351
2023-03-07,39.8,17.65,10.925
2023-03-08,39.4,13.13,9.917
2023-03-09,37.6,6.46,1.641
2023-03-10,34.6,8.79,1.985
2023-03-11,38.0,10.34,4.453
2023-03-12,38.2,5.53,0.0
2023-03-13,32.7,8.49,3.756
2023-03-14,33.4,19.07,11.708
2023-03-15,49.1,17.42,10.592
2023-03-16,51.5,5.31,0.0
2023-03-17,48.0,18.28,9.717
2023-03-18,26.9,18.25,11.179
2023-03-19,41.6,20.48,11.944
2023-03-20,48.8,16.44,8.917
2023-03-21,52.4,17.37,11.317
2023-03-22,56.1,11.8,5.12
2023-03-23,43.0,13.21,7.245
2023-03-24,40.7,14.22,6.702
2023-03-25,42.3,7.47,3.0
2023-03-26,42.8,12.18,6.631
2023-03-27,39.9,21.71,12.0
2023-03-28,46.1,17.09,9.872
2023-03-29,39.5,17.59,8.0
2023-03-30,50.6,16.6,9.484
2023-03-31,69.7,14.15,8.164
2023-04-01,53.3,10.5,4.619
2023-04-02,52.0,19.05,11.076
2023-04-03,56.3,12.8,6.03
2023-04-04,66.6,11.59,5.732
2023-04-05,71.2,15.49,9.925
2023-04-06,51.4,23.73,12.183
2023-04-07,43.4,23.4,12.256
2023-04-08,56.6,22.95,11.243
2023-04-09,63.2,23.53,12.404
2023-04-10,67.7,22.24,11.643
2023-04-11,73.4,20.27,12.466
2023-04-12,76.2,23.87,12.6
2023-04-13,77.9,24.22,12.74
2023-04-14,74.3,22.88,12.744
2023-04-15,78.8,19.25,11.0
2023-04-16,60.9,7.38,1.0
2023-04-17,40.8,8.62,0.497
2023-04-18,54.9,25.91,12.917
2023-04-19,56.3,16.77,8.362
2023-04-20,77.9,17.69,8.815
2023-04-21,59.9,16.54,9.047
2023-04-22,45.8,15.24,9.91
2023-04-23,42.2,13.21,5.724
2023-04-24,49.0,21.93,12.464
2023-04-25,42.9,18.36,8.853
2023-04-26,44.2,23.95,13.565
2023-04-27,59.9,26.64,13.288
2023-04-28,50.7,15.37,7.912
2023-04-29,57.5,12.89,6.801
2023-04-30,47.2,14.27,6.95
2023-05-01,46.5,5.77,0.0
2023-05-02,51.8,11.02,3.378
2023-05-03,47.9,27.4,13.424
2023-05-04,64.5,26.97,13.806
2023-05-05,72.8,24.36,11.949
2023-05-06,73.4,14.07,5.941
2023-05-07,76.2,23.84,10.371
2023-05-08,54.6,5.11,0.0
2023-05-09,57.7,26.43,13.896
2023-05-10,67.7,27.23,13.913
2023-05-11,74.1,27.36,13.552
2023-05-12,70.3,11.65,2.071
2023-05-13,59.8,17.5,11.229
2023-05-14,56.4,8.51,0.367
2023-05-15,56.7,24.68,13.591
2023-05-16,78.0,25.13,11.467
2023-05-17,54.2,29.46,14.064
2023-05-18,66.2,28.88,14.058
2023-05-19,74.5,19.42,8.329
2023-05-20,64.8,28.31,14.044
2023-05-21,73.6,29.19,14.134
2023-05-22,71.7,28.56,14.128
2023-05-23,77.5,27.65,14.122
2023-05-24,60.3,28.3,12.984
2023-05-25,54.5,28.62,12.94
2023-05-26,61.2,30.44,14.204
2023-05-27,65.8,28.55,13.84
2023-05-28,71.9,28.74,13.29
2023-05-29,72.4,27.62,14.0
2023-05-30,78.7,26.55,14.0
2023-05-31,84.1,24.7,13.184
2023-06-01,85.2,27.55,14.181
2023-06-02,78.4,28.56,14.178
2023-06-03,74.4,28.71,14.371
2023-06-04,71.8,30.23,14.0
2023-06-05,76.0,26.7,11.215
2023-06-06,67.5,21.25,11.135
2023-06-07,64.1,30.39,13.334
2023-06-08,65.4,30.82,14.461
2023-06-09,73.1,30.0,14.46
2023-06-10,82.5,26.54,12.411
2023-06-11,60.4,10.95,3.555
2023-06-12,64.7,22.72,14.069
2023-06-13,65.4,11.04,5.751
2023-06-14,67.5,20.57,8.627
2023-06-15,78.2,27.21,13.967
2023-06-16,62.7,21.59,9.373
2023-06-17,72.2,30.05,14.462
2023-06-18,76.2,29.05,14.463
2023-06-19,75.8,29.02,13.542
2023-06-20,71.3,29.82,14.466
2023-06-21,77.3,28.98,14.369
2023-06-22,75.8,29.16,14.371
2023-06-23,75.9,27.32,14.174
2023-06-24,82.1,29.13,14.276
2023-06-25,84.0,23.04,11.373
2023-06-26,76.7,16.47,10.688
2023-06-27,70.1,25.98,11.0
2023-06-28,77.6,26.13,12.645
2023-06-29,86.3,20.15,9.134
2023-06-30,86.2,21.88,11.763
2023-07-01,81.9,10.77,3.557
2023-07-02,71.2,3.6,0.0
2023-07-03,76.7,28.25,14.206
2023-07-04,86.7,27.48,14.21
2023-07-05,86.2,23.31,11.116
2023-07-06,71.5,23.84,14.0
2023-07-07,74.2,25.68,12.227
2023-07-08,70.5,19.0,8.052
2023-07-09,80.6,26.18,14.14
2023-07-10,86.1,29.25,14.141
2023-07-11,82.5,22.15,13.821
2023-07-12,73.7,9.99,3.09
2023-07-13,73.5,19.67,12.243
2023-07-14,88.1,20.99,10.563
2023-07-15,83.9,23.91,13.0
2023-07-16,82.8,26.32,14.0
2023-07-17,77.0,28.16,14.0
2023-07-18,73.4,25.26,14.0
2023-07-19,78.5,28.21,13.04
2023-07-20,85.1,26.5,14.0
2023-07-21,76.4,26.3,13.754
2023-07-22,82.5,25.77,13.0
2023-07-23,80.0,26.74,14.0
2023-07-24,81.7,26.54,14.0
2023-07-25,85.7,26.05,14.0
2023-07-26,90.2,17.77,9.635
2023-07-27,84.8,26.51,13.747
2023-07-28,89.8,22.19,12.044
2023-07-29,74.7,24.93,13.0
2023-07-30,74.6,25.3,13.993
2023-07-31,77.2,25.14,14.0
2023-08-01,82.1,24.12,13.842
2023-08-02,83.2,25.28,13.965
2023-08-03,83.5,26.38,14.0
2023-08-04,78.3,26.12,14.0
2023-08-05,73.1,5.78,0.0
2023-08-06,70.2,14.27,7.611
2023-08-07,73.2,17.59,9.89
2023-08-08,82.9,23.44,13.944
2023-08-09,81.2,15.88,6.784
2023-08-10,81.6,23.88,13.183
2023-08-11,81.7,16.7,9.082
2023-08-12,82.5,23.72,12.127
2023-08-13,74.6,15.7,8.105
2023-08-14,72.3,9.46,3.364
2023-08-15,70.6,19.98,11.849
2023-08-16,80.1,25.22,13.685
2023-08-17,78.2,20.76,11.436
2023-08-18,74.3,24.88,12.981
2023-08-19,80.4,22.32,13.392
2023-08-20,83.0,23.22,13.059
2023-08-21,73.6,24.09,12.768
2023-08-22,81.2,22.81,13.048
2023-08-23,98.4,22.03,13.131
2023-08-24,99.7,22.19,11.112
2023-08-25,74.7,15.35,10.938
2023-08-26,71.6,15.17,8.045
2023-08-27,69.5,24.24,12.532
2023-08-28,74.9,23.06,12.756
2023-08-29,83.5,19.9,12.173
2023-08-30,65.0,19.1,12.681
2023-08-31,72.0,23.67,12.625
2023-09-01,79.4,23.34,12.636
2023-09-02,88.4,21.34,12.552
2023-09-03,94.1,22.51,12.473
2023-09-04,92.1,21.45,12.394
2023-09-05,90.6,16.73,7.384
2023-09-06,84.8,18.45,11.112
2023-09-07,69.4,11.06,4.847
2023-09-08,64.4,6.8,0.069
2023-09-09,69.3,21.28,12.089
2023-09-10,75.1,20.03,12.097
2023-09-11,66.1,5.38,0.128
2023-09-12,65.5,18.88,11.736
2023-09-13,63.2,18.5,11.998
2023-09-14,67.9,17.89,12.014
2023-09-15,73.9,21.12,11.994
2023-09-16,65.5,4.47,0.06
2023-09-17,64.6,9.72,4.883
2023-09-18,64.4,16.89,11.854
2023-09-19,66.8,5.67,1.072
2023-09-20,78.1,10.05,4.16
2023-09-21,72.3,9.92,4.497
2023-09-22,74.4,11.47,9.663
2023-09-23,71.7,18.78,11.706
2023-09-24,70.4,17.04,9.101
2023-09-25,70.6,14.96,8.181
2023-09-26,70.0,9.94,4.825
2023-09-27,67.1,11.06,6.73
2023-09-28,67.7,14.39,11.238
2023-09-29,71.0,14.21,9.89
2023-09-30,77.4,17.22,11.181
2023-10-01,77.9,17.35,11.196
2023-10-02,81.0,17.06,11.124
2023-10-03,81.9,17.11,11.052
2023-10-04,82.1,12.83,7.456
2023-10-05,70.9,7.47,2.918
2023-10-06,60.6,10.37,6.843
2023-10-07,57.2,16.41,11.0
2023-10-08,54.4,9.41,5.056
2023-10-09,54.5,14.06,10.98
2023-10-10,59.2,13.33,8.972
2023-10-11,62.6,14.5,10.274
2023-10-12,58.0,4.87,0.823
2023-10-13,57.3,3.02,0.0
2023-10-14,55.0,4.91,2.0
2023-10-15,57.8,12.85,9.344
2023-10-16,53.9,6.71,2.711
2023-10-17,60.2,14.64,10.827
2023-10-18,65.1,13.18,8.599
2023-10-19,62.0,7.07,5.871
2023-10-20,58.0,10.04,8.745
2023-10-21,62.7,11.25,7.345
2023-10-22,53.2,13.67,10.62
2023-10-23,61.0,12.65,9.584
2023-10-24,76.5,12.03,9.807
2023-10-25,65.7,4.58,0.705
2023-10-26,67.7,3.99,0.0
2023-10-27,70.3,6.1,4.016
2023-10-28,49.0,7.02,2.625
2023-10-29,48.8,2.64,0.0
2023-10-30,40.2,13.2,10.26
2023-10-31,37.2,8.36,6.422
2023-11-01,41.5,12.41,10.056
2023-11-02,50.6,11.04,9.139
2023-11-03,53.0,4.95,0.054
2023-11-04,53.7,10.73,9.583
2023-11-05,57.2,8.58,6.704
2023-11-06,67.7,9.88,9.232
2023-11-07,55.3,10.47,8.081
2023-11-08,55.8,2.32,0.0
2023-11-09,53.8,11.58,9.509
2023-11-10,46.1,9.96,8.02
2023-11-11,49.3,10.87,9.031
2023-11-12,53.2,9.49,8.489
2023-11-13,58.7,10.93,9.255
2023-11-14,56.9,10.9,9.168
2023-11-15,60.8,10.19,9.08
2023-11-16,62.2,8.92,8.123
2023-11-17,61.0,8.77,8.096
2023-11-18,50.0,10.08,9.103
2023-11-19,49.7,10.02,9.013
2023-11-20,46.5,4.77,2.809
2023-11-21,44.1,1.81,0.0
2023-11-22,45.5,7.98,8.982
2023-11-23,44.2,9.24,9.0
2023-11-24,36.5,7.96,9.0
2023-11-25,35.7,5.97,4.868
2023-11-26,34.5,2.7,0.0
2023-11-27,28.5,8.05,8.727
2023-11-28,25.1,9.39,8.484
2023-11-29,42.9,9.12,8.956
2023-11-30,50.3,7.76,8.865
2023-12-01,41.9,1.09,0.0
2023-12-02,42.4,2.98,0.478
2023-12-03,39.8,2.25,0.0
2023-12-04,40.3,6.9,6.854
2023-12-05,40.0,2.97,0.0
2023-12-06,37.9,6.68,7.573
2023-12-07,50.9,8.11,8.822
2023-12-08,55.5,7.2,8.52
2023-12-09,53.1,7.74,7.0
2023-12-10,35.9,3.11,0.001
2023-12-11,34.6,7.14,6.725
2023-12-12,36.2,8.4,8.748
2023-12-13,39.0,8.31,8.734
2023-12-14,47.9,8.08,8.721
2023-12-15,50.6,7.58,8.689
2023-12-16,42.7,1.7,0.0
2023-12-17,43.6,2.09,0.0
2023-12-18,35.9,8.05,8.602
2023-12-19,32.7,7.76,8.0
2023-12-20,41.5,7.77,8.655
2023-12-21,40.7,2.32,0.0
2023-12-22,45.1,1.57,0.0
2023-12-23,46.5,2.51,0.0
2023-12-24,54.0,5.18,6.0
2023-12-25,50.9,1.99,0.0
2023-12-26,51.7,2.96,0.459
2023-12-27,40.7,4.63,2.754
2023-12-28,39.9,1.19,0.0
2023-12-29,39.8,1.96,0.0
2023-12-30,42.5,8.19,8.648
2023-12-31,34.0,1.71,0.0
2024-01-01,34.0,8.34,8.426
2024-01-02,36.2,6.85,6.41
2024-01-03,35.9,3.72,0.657
2024-01-04,33.8,8.37,8.4
2024-01-05,36.2,6.91,7.276
2024-01-06,32.8,1.61,0.0
2024-01-07,35.0,5.72,5.193
2024-01-08,36.8,5.28,2.725
2024-01-09,34.4,0.94,0.0
2024-01-10,33.7,4.35,1.186
2024-01-11,34.4,6.45,7.173
2024-01-12,37.6,1.23,0.0
2024-01-13,33.6,4.76,1.312
2024-01-14,2.4,9.12,8.882
2024-01-15,0.8,7.93,7.0
2024-01-16,0.9,9.53,9.15
2024-01-17,17.1,9.52,8.831
2024-01-18,23.7,8.42,6.182
2024-01-19,12.9,7.66,7.012
2024-01-20,17.3,10.18,9.302
2024-01-21,20.9,9.73,9.249
2024-01-22,33.0,3.22,1.0
2024-01-23,35.1,1.57,0.0
2024-01-24,36.6,2.43,0.0
2024-01-25,38.9,4.58,2.587
2024-01-26,38.2,2.23,0.013
2024-01-27,37.5,3.45,0.713
2024-01-28,37.4,4.49,1.72
2024-01-29,43.8,10.26,8.916
2024-01-30,40.4,5.19,1.922
2024-01-31,45.3,10.97,9.815
2024-02-01,50.8,10.81,9.846
2024-02-02,37.2,7.1,4.144
2024-02-03,37.4,11.57,9.881
2024-02-04,38.0,11.79,9.899
2024-02-05,36.6,8.79,9.757
2024-02-06,45.4,10.99,9.193
2024-02-07,45.5,7.56,4.406
2024-02-08,57.5,10.14,9.942
2024-02-09,54.9,11.89,9.998
2024-02-10,41.2,11.5,10.0
2024-02-11,39.4,11.03,8.487
2024-02-12,43.9,13.0,10.0
2024-02-13,39.7,12.19,10.0
2024-02-14,43.1,13.14,10.0
2024-02-15,41.6,12.78,10.025
2024-02-16,30.9,6.61,1.6
2024-02-17,29.0,14.34,10.003
2024-02-18,44.0,14.51,10.081
2024-02-19,46.5,13.52,9.637
2024-02-20,54.3,14.08,10.059
2024-02-21,59.0,11.57,8.201
2024-02-22,49.1,11.31,9.0
2024-02-23,47.4,12.69,8.672
2024-02-24,31.7,13.81,10.104
2024-02-25,56.4,13.43,9.157
2024-02-26,65.0,14.19,10.149
2024-02-27,71.3,13.67,7.345
2024-02-28,52.5,16.43,9.582
2024-02-29,41.7,16.21,10.778
2024-03-01,43.9,9.54,5.669
2024-03-02,55.4,16.27,10.902
2024-03-03,65.9,16.47,10.963
2024-03-04,71.9,10.56,9.213
2024-03-05,42.2,12.71,8.275
2024-03-06,42.4,15.45,8.722
2024-03-07,44.8,13.63,7.586
2024-03-08,42.9,2.41,0.0
2024-03-09,44.6,16.51,9.572
2024-03-10,44.9,18.82,11.554
2024-03-11,61.7,18.19,11.584
2024-03-12,66.5,15.8,9.872
2024-03-13,56.3,17.36,10.836
2024-03-14,59.5,7.34,2.685
2024-03-15,44.1,18.21,11.789
2024-03-16,56.9,15.7,11.219
2024-03-17,40.7,12.0,6.584
2024-03-18,37.3,15.18,11.677
2024-03-19,54.5,18.36,11.323
2024-03-20,39.7,20.21,11.991
2024-03-21,36.7,14.89,11.765
2024-03-22,35.3,9.4,2.401
2024-03-23,33.0,20.94,12.0
2024-03-24,41.9,12.55,6.422
2024-03-25,58.6,6.69,0.261
2024-03-26,55.6,10.38,7.463
2024-03-27,44.3,21.42,11.0
2024-03-28,50.8,19.57,11.195
2024-03-29,43.8,18.5,11.0
2024-03-30,59.1,19.0,11.0
2024-03-31,44.3,15.71,8.679
2024-04-01,46.4,13.54,7.615
2024-04-02,58.5,6.04,3.018
2024-04-03,37.2,3.87,0.0
2024-04-04,39.8,7.35,3.022
2024-04-05,44.6,21.85,11.287
2024-04-06,45.7,23.69,12.26
2024-04-07,49.8,6.85,3.466
2024-04-08,69.7,23.56,12.322
2024-04-09,62.4,23.19,12.394
2024-04-10,62.0,20.29,11.284
2024-04-11,52.3,6.36,0.0
2024-04-12,60.6,21.94,11.974
2024-04-13,66.8,24.31,12.711
2024-04-14,75.3,23.26,12.861
2024-04-15,66.4,24.59,12.879
2024-04-16,66.1,18.07,9.863
2024-04-17,67.1,16.37,12.016
2024-04-18,54.2,14.93,5.463
2024-04-19,55.2,25.82,12.949
2024-04-20,44.5,15.84,7.31
2024-04-21,55.5,25.5,12.971
2024-04-22,63.2,24.37,11.942
2024-04-23,64.8,15.07,7.574
2024-04-24,41.1,22.22,10.93
2024-04-25,50.6,26.39,12.567
2024-04-26,58.4,13.63,7.128
2024-04-27,79.2,16.83,6.946
2024-04-28,77.9,12.99,3.673
2024-04-29,71.3,15.52,7.837
2024-04-30,70.3,26.68,13.621
2024-05-01,72.3,25.43,13.433
2024-05-02,75.8,18.95,11.44
2024-05-03,63.3,22.33,9.803
2024-05-04,69.9,22.94,12.252
2024-05-05,56.9,27.77,13.77
2024-05-06,62.3,25.63,11.706
2024-05-07,69.8,13.04,8.607
2024-05-08,71.3,27.69,13.891
2024-05-09,55.7,8.85,2.584
2024-05-10,65.6,21.21,13.585
2024-05-11,64.1,23.1,13.943
2024-05-12,77.7,26.33,13.963
2024-05-13,77.3,22.94,12.0
2024-05-14,55.7,17.38,8.14
2024-05-15,56.7,27.21,14.0
2024-05-16,72.4,21.18,11.565
2024-05-17,69.9,26.41,13.596
2024-05-18,80.2,26.05,14.0
2024-05-19,69.0,28.72,14.046
2024-05-20,80.8,17.49,9.136
2024-05-21,85.3,25.11,12.668
2024-05-22,75.8,28.56,14.124
2024-05-23,74.0,26.43,14.214
2024-05-24,75.0,18.21,9.957
2024-05-25,68.2,30.16,14.205
2024-05-26,70.2,8.18,3.828
2024-05-27,71.5,16.3,7.223
2024-05-28,68.0,22.87,12.605
2024-05-29,61.2,25.62,13.669
2024-05-30,62.4,31.02,14.476
2024-05-31,73.3,29.24,13.784
2024-06-01,67.2,8.17,2.091
2024-06-02,70.0,26.64,14.077
2024-06-03,81.4,25.72,12.791
2024-06-04,79.8,19.66,9.058
2024-06-05,79.4,19.27,7.719
2024-06-06,75.5,25.95,14.462
2024-06-07,75.3,29.1,13.166
2024-06-08,80.3,17.63,9.367
2024-06-09,77.6,26.14,14.46
2024-06-10,60.4,29.92,14.064
2024-06-11,73.2,26.86,11.871
2024-06-12,88.9,29.04,13.361
2024-06-13,87.8,23.46,12.162
2024-06-14,72.7,29.51,14.566
2024-06-15,80.7,23.95,10.44
2024-06-16,89.7,23.69,11.809
2024-06-17,93.5,27.28,14.264
2024-06-18,90.7,24.07,11.0
2024-06-19,92.5,26.47,14.267
2024-06-20,74.2,24.98,13.631
2024-06-21,87.4,27.37,14.171
2024-06-22,93.0,21.52,9.005
2024-06-23,77.7,25.75,14.175
2024-06-24,79.4,27.27,13.506
2024-06-25,94.4,20.85,9.0
2024-06-26,86.8,24.07,10.332
2024-06-27,66.5,30.0,13.285
2024-06-28,73.4,5.82,0.889
2024-06-29,88.8,23.86,13.199
2024-06-30,71.5,29.73,14.296
2024-07-01,69.6,29.84,14.137
2024-07-02,83.3,18.5,8.961
2024-07-03,86.6,25.46,12.925
2024-07-04,77.5,9.14,3.115
2024-07-05,81.5,27.16,14.021
2024-07-06,76.8,27.28,14.125
2024-07-07,84.7,21.33,12.701
2024-07-08,86.1,25.62,13.0
2024-07-09,77.7,11.87,0.9
2024-07-10,76.0,21.85,10.0
2024-07-11,72.5,22.11,12.069
2024-07-12,79.3,28.56,14.058
2024-07-13,86.3,24.52,13.375
2024-07-14,89.5,21.21,9.076
2024-07-15,90.2,26.49,12.038
2024-07-16,86.5,25.68,13.372
2024-07-17,79.4,27.92,14.0
2024-07-18,69.9,27.53,14.0
2024-07-19,76.2,26.99,14.006
2024-07-20,77.6,22.18,12.494
2024-07-21,79.0,24.99,13.169
2024-07-22,75.5,27.54,14.0
2024-07-23,84.6,23.95,12.404
2024-07-24,71.8,20.55,13.0
2024-07-25,72.3,26.6,14.0
2024-07-26,76.2,28.66,14.0
2024-07-27,80.0,28.23,14.0
2024-07-28,81.6,16.07,7.651
2024-07-29,80.0,12.81,6.161
2024-07-30,85.0,25.9,13.792
2024-07-31,91.0,20.76,9.987
2024-08-01,86.2,16.22,8.419
2024-08-02,79.1,23.08,11.751
2024-08-03,82.9,25.32,14.0
2024-08-04,83.9,25.41,13.93
2024-08-05,83.0,21.1,11.522
2024-08-06,69.8,17.94,10.267
2024-08-07,73.5,26.77,13.948
2024-08-08,83.0,24.94,13.0
2024-08-09,74.0,22.99,11.293
2024-08-10,75.8,24.64,13.881
2024-08-11,78.5,25.02,13.857
2024-08-12,80.1,23.48,13.817
2024-08-13,80.3,23.86,13.776
2024-08-14,79.5,24.98,12.947
2024-08-15,73.3,8.36,1.783
2024-08-16,86.0,20.65,11.147
2024-08-17,79.8,18.19,11.319
2024-08-18,72.3,18.88,13.009
2024-08-19,70.6,24.61,13.237
2024-08-20,68.7,23.89,12.966
2024-08-21,71.7,23.82,13.314
2024-08-22,76.2,24.77,12.867
2024-08-23,81.4,24.22,12.792
2024-08-24,82.9,22.08,12.858
2024-08-25,92.4,21.78,12.682
2024-08-26,96.3,20.34,10.467
2024-08-27,97.2,21.46,12.513
2024-08-28,84.8,17.21,11.273
2024-08-29,79.3,20.02,12.441
2024-08-30,85.8,14.94,7.517
2024-08-31,82.0,23.19,12.631
2024-09-01,71.5,23.09,12.464
2024-09-02,71.9,22.95,12.558
2024-09-03,73.1,23.01,12.392
2024-09-04,77.7,23.04,12.4
2024-09-05,87.6,21.82,12.235
2024-09-06,68.6,19.14,11.409
2024-09-07,60.6,22.33,12.165
2024-09-08,73.8,21.56,12.259
2024-09-09,80.8,21.36,12.181
2024-09-10,82.6,21.75,12.19
2024-09-11,84.6,21.16,12.112
2024-09-12,80.1,20.97,12.12
2024-09-13,78.2,19.88,11.978
2024-09-14,81.2,19.8,11.948
2024-09-15,83.3,20.15,11.919
2024-09-16,82.8,20.45,11.889
2024-09-17,79.1,20.57,11.86
2024-09-18,79.7,19.95,11.83
2024-09-19,85.2,17.93,11.809
2024-09-20,89.4,18.28,11.771
2024-09-21,85.5,18.95,11.0
2024-09-22,74.4,2.76,0.0
2024-09-23,65.2,14.83,9.175
2024-09-24,66.1,4.43,0.673
2024-09-25,73.3,18.43,11.549
2024-09-26,72.2,18.36,11.306
2024-09-27,68.5,9.7,2.334
2024-09-28,65.6,6.37,0.301
2024-09-29,68.6,12.07,8.124
2024-09-30,73.2,16.85,11.191
2024-10-01,67.2,16.61,11.0
2024-10-02,68.5,17.66,11.134
2024-10-03,72.1,17.25,11.062
2024-10-04,67.1,13.47,8.0
2024-10-05,79.1,14.05,9.004
2024-10-06,74.9,17.13,11.019
2024-10-07,65.6,15.66,10.0
2024-10-08,71.5,16.46,10.984
2024-10-09,65.7,15.67,10.965
2024-10-10,66.6,16.12,10.946
2024-10-11,81.9,15.41,10.928
2024-10-12,66.0,12.81,8.499
2024-10-13,64.4,11.48,9.421
2024-10-14,54.3,12.59,9.485
2024-10-15,49.3,10.8,10.731
2024-10-16,54.3,15.43,10.832
2024-10-17,61.4,15.28,10.812
2024-10-18,65.6,14.84,10.779
2024-10-19,68.5,14.63,10.735
2024-10-20,75.6,13.76,10.69
2024-10-21,77.2,14.03,10.646
2024-10-22,71.8,9.06,6.717
2024-10-23,64.1,12.57,9.62
2024-10-24,62.7,13.78,10.512
2024-10-25,64.6,12.82,9.814
2024-10-26,54.4,13.65,10.424
2024-10-27,56.3,13.06,10.374
2024-10-28,63.2,9.67,8.335
2024-10-29,78.5,10.98,8.179
2024-10-30,76.7,9.55,9.131
2024-10-31,70.5,6.96,5.677
2024-11-01,51.2,12.24,9.863
2024-11-02,53.6,11.43,9.853
2024-11-03,62.9,3.91,1.0
2024-11-04,69.0,4.42,2.2
2024-11-05,66.8,3.53,0.0
2024-11-06,58.5,5.61,1.313
2024-11-07,56.7,10.98,9.392
2024-11-08,58.6,11.14,9.408
2024-11-09,53.6,4.95,2.799
2024-11-10,60.6,6.59,7.233
2024-11-11,55.4,10.3,9.147
2024-11-12,46.9,7.56,7.067
2024-11-13,49.6,7.01,5.796
2024-11-14,55.3,4.2,2.25
2024-11-15,53.0,5.38,3.531
2024-11-16,51.6,6.29,6.488
2024-11-17,57.9,6.67,5.41
2024-11-18,56.9,2.67,0.168
2024-11-19,62.1,5.88,4.122
2024-11-20,47.1,7.38,5.004
2024-11-21,41.4,1.76,0.0
2024-11-22,47.3,3.52,0.0
2024-11-23,44.4,5.09,3.794
2024-11-24,48.4,7.26,6.671
2024-11-25,50.4,2.76,0.294
2024-11-26,37.1,9.15,8.998
2024-11-27,41.6,6.28,5.538
2024-11-28,38.4,4.37,0.729
2024-11-29,27.2,5.68,5.192
2024-11-30,26.4,8.78,8.632
2024-12-01,25.9,9.02,8.909
2024-12-02,26.8,5.76,5.787
2024-12-03,30.5,8.39,8.0
2024-12-04,38.1,6.34,5.858
2024-12-05,28.9,8.79,8.841
2024-12-06,30.7,6.24,7.308
2024-12-07,44.9,7.08,7.114
2024-12-08,48.7,8.11,8.793
2024-12-09,48.1,7.4,7.494
2024-12-10,40.1,3.37,0.325
2024-12-11,32.5,5.13,4.49
2024-12-12,15.3,7.57,6.882
2024-12-13,27.2,4.39,2.535
2024-12-14,36.6,4.84,3.0
2024-12-15,45.8,3.37,2.614
2024-12-16,49.6,2.96,0.986
2024-12-17,39.4,6.02,5.085
2024-12-18,33.1,6.15,5.277
2024-12-19,31.4,3.33,0.761
2024-12-20,33.5,4.57,3.77
2024-12-21,20.7,7.92,8.618
2024-12-22,31.6,6.5,6.71
2024-12-23,38.0,2.11,0.0
2024-12-24,35.6,5.22,4.726
2024-12-25,37.1,3.47,0.468
2024-12-26,45.7,3.24,0.341
2024-12-27,49.3,1.26,0.0
2024-12-28,50.0,4.13,3.013
2024-12-29,42.8,1.32,0.0
2024-12-30,41.6,7.26,7.221
2024-12-31,39.2,1.72,0.0
2025-01-01,33.1,4.06,4.11
2025-01-02,31.2,7.6,7.022
2025-01-03,25.6,8.5,8.608
2025-01-04,23.1,8.94,8.66
2025-01-05,28.2,5.52,2.798
2025-01-06,30.0,2.83,0.0
2025-01-07,24.6,6.97,7.1
2025-01-08,24.5,8.18,7.98
2025-01-09,25.4,8.96,8.542
2025-01-10,29.0,2.61,0.0
2025-01-11,30.5,6.34,5.981
2025-01-12,34.8,3.38,0.0
2025-01-13,23.1,9.79,9.249
2025-01-14,15.0,9.75,8.644
2025-01-15,17.6,9.73,8.639
2025-01-16,36.2,7.01,5.476
2025-01-17,42.4,9.14,9.362
2025-01-18,37.3,8.58,8.725
2025-01-19,15.7,10.03,8.136
2025-01-20,10.4,10.51,9.455
2025-01-21,2.7,10.52,9.129
2025-01-22,23.2,4.21,1.452
2025-01-23,23.1,10.92,8.83
2025-01-24,19.1,10.44,8.122
2025-01-25,36.6,10.78,9.621
2025-01-26,29.8,10.36,8.901
2025-01-27,40.6,10.63,9.1
2025-01-28,44.6,10.22,9.728
2025-01-29,43.5,10.28,9.517
2025-01-30,47.7,9.22,7.662
2025-01-31,40.2,1.29,2.0
2025-02-01,33.0,5.53,2.467
2025-02-02,47.4,7.69,6.263
2025-02-03,39.6,3.98,0.181
2025-02-04,33.0,7.83,5.334
2025-02-05,31.0,5.47,1.32
2025-02-06,37.7,8.09,5.045
2025-02-07,31.3,10.95,8.0
2025-02-08,32.3,2.84,0.0
2025-02-09,30.6,9.95,6.437
2025-02-10,32.5,13.05,10.0
2025-02-11,27.2,5.88,1.851
2025-02-12,27.6,2.36,0.0
2025-02-13,26.9,14.27,8.482
2025-02-14,24.9,10.04,2.699
2025-02-15,31.3,7.89,0.829
2025-02-16,28.2,11.45,5.714
2025-02-17,8.5,15.02,9.192
2025-02-18,5.6,15.99,10.0
2025-02-19,10.6,13.08,8.606
2025-02-20,18.2,15.78,10.0
2025-02-21,22.8,15.9,10.13
2025-02-22,28.2,16.03,10.227
2025-02-23,39.7,12.21,8.451
2025-02-24,52.7,12.2,7.966
2025-02-25,51.3,15.6,10.419
2025-02-26,43.3,8.13,3.922
2025-02-27,46.9,13.67,10.416
2025-02-28,56.1,14.53,9.794
2025-03-01,34.4,16.56,9.746
2025-03-02,33.0,16.78,10.819
2025-03-03,46.6,9.88,5.978
2025-03-04,51.9,5.64,1.16
2025-03-05,52.4,8.41,4.17
2025-03-06,39.4,17.94,11.184
2025-03-07,35.4,4.09,0.0
2025-03-08,48.1,17.4,11.281
2025-03-09,56.4,17.72,11.492
2025-03-10,64.1,18.11,11.539
2025-03-11,55.0,17.6,11.122
2025-03-12,43.2,18.48,11.634
2025-03-13,48.0,18.7,11.682
2025-03-14,71.2,17.58,11.309
2025-03-15,65.7,17.52,10.886
2025-03-16,40.8,5.82,0.495
2025-03-17,49.3,19.02,11.874
2025-03-18,63.4,15.04,11.922
2025-03-19,43.2,10.05,6.0
2025-03-20,41.2,20.66,10.582
2025-03-21,56.0,18.64,10.905
2025-03-22,44.1,17.25,11.191
2025-03-23,48.7,9.09,3.532
2025-03-24,46.7,16.13,8.629
2025-03-25,43.6,19.42,10.711
2025-03-26,43.3,18.04,11.604
2025-03-27,54.9,7.11,0.752
2025-03-28,76.3,18.82,11.0
2025-03-29,69.5,16.02,11.173
2025-03-30,70.6,10.57,4.353
2025-03-31,44.3,16.1,8.081
2025-04-01,41.7,17.76,8.278
2025-04-02,70.5,7.58,4.0
2025-04-03,57.8,14.59,6.406
2025-04-04,45.3,11.27,4.031
2025-04-05,52.1,13.05,4.616
2025-04-06,43.8,21.93,12.176
2025-04-07,42.4,15.3,9.473
2025-04-08,38.4,24.28,12.236
2025-04-09,45.7,9.5,1.401
2025-04-10,41.0,14.56,7.789
2025-04-11,46.2,24.36,12.458
2025-04-12,53.7,24.2,12.62
2025-04-13,61.2,14.09,4.864
2025-04-14,62.0,21.42,11.038
2025-04-15,50.6,13.73,7.669
2025-04-16,44.6,25.27,12.805
2025-04-17,67.3,14.65,5.471
2025-04-18,82.0,14.17,7.374
2025-04-19,63.9,10.25,0.351
2025-04-20,54.3,13.03,5.184
2025-04-21,60.8,15.88,8.665
2025-04-22,65.9,19.66,10.772
2025-04-23,70.5,18.66,10.138
2025-04-24,61.8,25.11,12.883
2025-04-25,54.7,20.29,12.598
2025-04-26,49.3,24.78,13.561
2025-04-27,62.7,26.59,13.644
2025-04-28,82.7,23.63,13.228
2025-04-29,76.4,22.2,12.868
2025-04-30,57.5,13.88,6.0
2025-05-01,69.9,14.33,8.021
2025-05-02,54.9,14.27,5.24
2025-05-03,46.7,26.42,13.798
2025-05-04,50.9,13.4,3.548
2025-05-05,55.8,19.14,9.228
2025-05-06,72.5,25.8,13.137
2025-05-07,63.1,25.75,13.3
2025-05-08,51.5,27.75,13.886
2025-05-09,58.7,29.4,13.903
2025-05-10,70.0,27.8,13.921
2025-05-11,63.8,28.53,13.938
2025-05-12,70.1,25.98,13.0
2025-05-13,71.9,22.81,11.293
2025-05-14,70.2,20.25,10.196
2025-05-15,89.5,21.78,10.823
2025-05-16,81.5,26.47,13.999
2025-05-17,66.2,16.03,8.629
2025-05-18,56.6,20.51,10.295
2025-05-19,51.5,18.03,7.18
2025-05-20,53.9,7.05,0.193
2025-05-21,52.5,7.38,0.121
2025-05-22,52.5,15.45,5.405
2025-05-23,58.4,26.92,13.624
2025-05-24,56.4,27.6,13.114
2025-05-25,58.7,22.04,9.0
2025-05-26,57.2,28.64,13.201
2025-05-27,60.4,16.74,6.264
2025-05-28,58.4,13.41,5.789
2025-05-29,68.3,21.6,11.0
2025-05-30,75.8,21.99,12.607
2025-05-31,60.5,30.52,14.279
2025-06-01,60.5,30.29,14.374
2025-06-02,85.9,29.71,14.372
2025-06-03,89.3,23.93,13.234
2025-06-04,74.9,10.5,4.173
2025-06-05,64.7,25.73,13.055
2025-06-06,67.0,28.44,13.0
2025-06-07,69.1,21.75,11.362
2025-06-08,79.8,24.43,10.935
2025-06-09,71.9,25.9,14.46
2025-06-10,77.6,25.95,14.361
2025-06-11,92.9,28.62,14.262
2025-06-12,74.6,22.68,10.322
2025-06-13,67.3,9.77,1.541
2025-06-14,69.5,27.1,14.162
2025-06-15,76.7,26.92,14.171
2025-06-16,82.9,27.94,14.362
2025-06-17,92.9,27.13,14.004
2025-06-18,77.6,12.52,5.602
2025-06-19,79.6,23.9,11.0
2025-06-20,81.5,20.64,9.578
2025-06-21,92.7,28.66,14.269
2025-06-22,95.0,29.02,14.371
2025-06-23,97.0,28.48,14.373
2025-06-24,91.0,20.67,10.0
2025-06-25,75.7,21.12,11.385
2025-06-26,87.6,25.69,14.183
2025-06-27,84.3,23.99,13.571
2025-06-28,76.7,28.43,14.289
2025-06-29,86.9,26.72,14.193
2025-06-30,85.8,24.67,12.564
2025-07-01,81.9,28.25,14.201
2025-07-02,89.0,26.07,14.205
2025-07-03,88.6,27.45,14.209
2025-07-04,87.0,18.78,8.314
2025-07-05,94.1,27.19,14.119
2025-07-06,83.6,16.18,8.786
2025-07-07,71.9,28.54,13.105
2025-07-08,84.2,21.89,11.323
2025-07-09,78.3,25.14,14.04
2025-07-10,77.6,27.08,13.0
2025-07-11,87.7,22.75,10.664
2025-07-12,83.5,24.25,14.0
2025-07-13,81.4,24.31,13.23
2025-07-14,84.8,29.17,14.069
2025-07-15,88.3,25.63,14.0
2025-07-16,92.1,24.04,12.0
2025-07-17,70.8,12.53,6.137
2025-07-18,75.9,25.02,14.0
2025-07-19,84.8,13.44,6.468
2025-07-20,74.9,17.21,9.181
2025-07-21,77.1,27.67,14.0
2025-07-22,84.5,25.59,13.8
2025-07-23,94.7,24.96,14.0
2025-07-24,96.5,21.61,12.592
2025-07-25,79.9,18.72,9.566
2025-07-26,83.9,12.85,4.758
2025-07-27,83.3,25.11,14.0
2025-07-28,86.7,22.28,10.708
2025-07-29,91.3,24.96,12.0
2025-07-30,76.2,8.94,3.087
2025-07-31,69.5,26.72,13.638
2025-08-01,72.0,25.88,13.664
2025-08-02,76.5,27.41,14.0
2025-08-03,77.3,27.19,14.0
2025-08-04,77.7,23.04,13.345
2025-08-05,80.1,26.84,13.995
2025-08-06,86.1,23.45,13.974
2025-08-07,89.2,22.08,13.952
2025-08-08,94.0,24.47,13.623
2025-08-09,93.8,24.46,13.909
2025-08-10,91.0,20.32,13.189
2025-08-11,91.0,23.32,12.241
2025-08-12,85.6,18.04,10.587
2025-08-13,81.3,23.86,13.786
2025-08-14,80.0,25.68,13.746
2025-08-15,89.5,23.55,13.706
2025-08-16,93.1,20.67,12.917
2025-08-17,78.5,15.76,8.504
2025-08-18,83.3,17.83,11.76
2025-08-19,74.9,13.67,6.717
2025-08-20,71.9,21.39,13.112
2025-08-21,73.0,20.48,13.227
2025-08-22,78.6,20.56,12.813
2025-08-23,82.4,22.59,12.156
2025-08-24,74.7,22.34,12.859
2025-08-25,70.4,20.04,12.163
2025-08-26,72.1,20.82,12.85
2025-08-27,78.7,21.19,10.104
2025-08-28,73.7,20.61,11.045
2025-08-29,66.3,21.83,10.979
2025-08-30,69.5,16.25,11.578
2025-08-31,72.8,22.36,12.629
