date,temp_min,wind_max,wind_dir_dom,precip,et0,aft_rh,aft_dewpt,aft_wind_dir,aft_cloud
2021-06-01,51.0,10.5,135,0.0,5.31,34.1,41.3,100.7,39.3
2021-06-02,54.8,8.2,64,0.0,4.62,51.6,51.5,43.5,88.4
2021-06-03,52.0,9.1,223,0.0,5.86,30.9,48.0,171.1,28.0
2021-06-04,65.2,15.8,250,0.0,8.93,22.4,47.0,245.8,11.0
2021-06-05,69.0,15.0,226,0.0,8.81,30.0,55.7,229.6,44.0
2021-06-06,71.2,15.8,205,1.2,7.3,38.4,59.2,196.3,84.7
2021-06-07,70.4,11.7,197,19.5,2.17,82.1,68.8,178.3,83.3
2021-06-08,67.7,6.9,112,3.5,3.6,77.3,69.5,97.4,92.4
2021-06-09,60.9,8.6,36,5.8,4.0,82.9,67.4,39.3,62.7
2021-06-10,60.8,8.1,70,0.0,4.47,72.0,68.0,92.4,37.4
2021-06-11,64.3,7.4,83,0.0,4.92,62.0,68.7,94.6,33.3
2021-06-12,62.8,8.5,24,0.7,4.42,68.3,64.7,36.4,59.1
2021-06-13,65.0,11.0,44,0.0,6.24,44.4,54.8,92.1,0.4
2021-06-14,64.1,16.0,358,0.0,6.08,51.9,54.3,56.2,27.9
2021-06-15,62.0,11.2,16,0.0,4.77,55.3,53.0,30.1,55.6
2021-06-16,58.7,9.7,32,0.0,5.68,36.9,42.2,39.0,0.0
2021-06-17,55.1,15.5,185,0.0,7.05,24.1,46.9,173.2,38.1
2021-06-18,67.9,14.7,225,0.3,6.33,45.1,64.5,339.7,53.6
2021-06-19,63.2,15.2,260,0.5,6.02,45.6,61.2,276.7,28.4
2021-06-20,61.1,11.3,108,8.0,3.19,72.7,67.6,128.0,100.0
2021-06-21,57.7,17.4,305,0.3,4.45,40.7,45.7,321.4,85.7
2021-06-22,54.2,14.3,270,0.0,4.41,36.0,41.3,322.0,95.0
2021-06-23,62.0,16.8,192,2.2,4.69,49.1,52.6,192.3,82.7
2021-06-24,67.9,20.2,196,1.1,4.02,66.9,64.9,211.7,100.0
2021-06-25,69.5,15.5,207,39.5,2.36,79.9,71.0,250.4,96.3
2021-06-26,71.4,18.3,202,21.1,1.96,86.0,72.7,209.3,96.3
2021-06-27,67.2,16.4,227,1.0,4.44,61.1,66.7,246.9,44.0
2021-06-28,66.8,7.9,82,8.7,2.26,91.4,68.7,49.5,98.4
2021-06-29,70.8,10.3,228,21.8,2.59,78.3,71.7,235.1,83.7
2021-06-30,70.4,7.7,228,3.9,3.23,79.0,69.8,200.5,93.9
2021-07-01,57.7,15.4,12,0.6,3.76,78.0,56.8,10.6,33.0
2021-07-02,56.3,11.2,15,0.0,4.34,68.0,54.6,35.7,64.3
2021-07-03,56.0,10.0,280,0.0,6.16,45.0,61.2,284.7,0.0
2021-07-04,69.5,10.3,254,0.0,6.32,50.1,66.9,222.5,68.1
2021-07-05,71.9,16.7,242,0.0,7.14,47.1,66.5,239.3,3.7
2021-07-06,75.0,12.1,238,0.2,6.24,47.0,66.2,238.7,56.1
2021-07-07,66.0,9.5,236,7.0,4.04,69.0,69.2,258.5,92.6
2021-07-08,61.2,12.5,13,4.0,2.3,78.1,56.5,21.9,99.0
2021-07-09,58.8,7.4,36,0.1,4.88,49.9,51.5,79.8,48.6
2021-07-10,64.1,11.7,82,10.0,2.66,75.4,62.7,71.1,99.9
2021-07-11,63.4,13.6,46,17.1,1.8,88.3,62.2,32.7,93.1
2021-07-12,63.9,10.4,48,20.8,2.24,86.0,66.2,52.4,84.4
2021-07-13,66.7,7.8,6,16.3,2.87,77.4,67.1,31.4,65.7
2021-07-14,66.9,15.8,206,0.2,4.95,55.6,66.4,205.7,100.0
2021-07-15,66.8,17.8,234,13.0,2.84,80.9,68.1,9.2,100.0
2021-07-16,64.4,12.3,26,3.3,1.9,86.0,63.1,16.6,100.0
2021-07-17,64.5,11.6,15,0.0,3.99,75.6,61.6,17.4,16.6
2021-07-18,64.7,7.8,33,0.0,4.72,71.0,65.6,44.1,2.6
2021-07-19,62.4,6.6,56,0.0,4.84,64.0,64.9,82.1,4.0
2021-07-20,64.8,12.9,339,0.4,5.42,57.3,64.9,358.5,23.3
2021-07-21,64.0,10.5,21,0.1,3.09,76.6,61.5,26.7,88.4
2021-07-22,62.3,9.0,144,0.8,3.59,71.6,69.0,130.7,64.6
2021-07-23,71.5,8.2,212,2.3,4.66,53.4,66.8,220.2,62.6
2021-07-24,73.5,14.4,236,2.1,5.0,58.9,71.3,246.4,56.7
2021-07-25,70.9,6.0,319,0.0,5.84,32.3,54.5,119.6,95.4
2021-07-26,67.9,8.6,77,0.0,6.62,30.9,53.2,107.8,1.0
2021-07-27,70.5,11.2,233,0.0,5.75,44.9,62.3,195.7,50.4
2021-07-28,74.0,7.3,242,1.6,4.61,57.1,71.2,233.4,85.6
2021-07-29,67.4,17.8,317,0.5,5.03,72.3,68.8,35.9,19.6
2021-07-30,63.6,15.2,24,0.1,4.34,57.4,51.6,28.4,87.4
2021-07-31,57.8,7.9,261,0.0,5.13,46.1,56.7,130.3,17.0
2021-08-01,64.1,13.2,7,0.7,4.17,63.1,56.2,24.7,22.4
2021-08-02,61.0,6.7,79,0.6,3.8,51.1,54.5,93.2,67.1
2021-08-03,61.1,9.0,150,0.4,4.86,45.1,54.9,112.4,14.7
2021-08-04,63.5,6.7,105,0.0,4.88,47.4,57.9,104.6,10.0
2021-08-05,63.4,11.5,201,0.0,5.9,34.3,53.0,190.1,74.1
2021-08-06,66.9,13.9,216,10.1,2.9,75.0,67.7,223.4,95.3
2021-08-07,66.1,10.5,197,3.8,4.3,62.9,70.4,189.5,96.7
2021-08-08,74.6,16.0,202,5.5,5.47,58.4,70.1,194.0,59.6
2021-08-09,71.2,15.2,197,21.8,1.98,82.7,72.5,200.9,96.9
2021-08-10,69.1,15.8,220,38.0,4.59,62.7,74.1,216.8,46.1
2021-08-11,73.1,23.1,211,12.6,3.96,66.0,72.8,216.2,56.4
2021-08-12,73.0,13.9,237,0.9,5.29,57.0,71.0,230.6,90.0
2021-08-13,69.2,9.0,333,0.4,4.5,56.1,60.2,76.2,82.1
2021-08-14,66.5,8.1,57,0.0,5.21,39.7,49.2,90.6,81.0
2021-08-15,59.9,7.6,102,0.0,4.98,44.0,52.4,85.2,0.0
2021-08-16,61.7,7.8,96,0.0,4.66,51.1,56.1,78.1,0.0
2021-08-17,64.9,7.7,95,0.3,3.97,67.0,65.9,83.2,66.3
2021-08-18,69.7,7.9,93,3.4,3.6,73.7,70.1,79.3,35.7
2021-08-19,69.2,7.2,73,3.3,3.83,72.3,70.6,85.0,27.3
2021-08-20,69.1,7.9,112,1.0,3.95,73.0,71.4,102.3,38.0
2021-08-21,71.9,10.9,193,0.9,4.29,55.9,68.7,212.4,74.3
2021-08-22,66.0,12.7,13,0.0,3.9,73.1,63.0,28.2,7.4
2021-08-23,64.8,7.8,193,0.2,3.99,54.9,67.5,204.9,47.0
2021-08-24,72.7,11.3,214,2.5,3.19,66.9,72.5,212.7,99.4
2021-08-25,72.9,10.5,229,2.7,4.05,53.4,70.6,274.0,88.7
2021-08-26,71.6,9.6,149,6.2,4.26,68.7,72.3,132.6,45.0
2021-08-27,70.8,10.7,165,0.0,4.58,57.9,70.8,156.8,25.3
2021-08-28,73.2,12.5,209,1.6,4.16,58.4,72.7,210.7,46.7
2021-08-29,74.8,17.1,228,3.8,4.38,62.7,71.0,240.0,79.7
2021-08-30,66.8,10.8,61,0.0,4.72,51.7,60.6,103.7,5.6
2021-08-31,63.0,10.9,53,0.3,4.34,52.7,59.0,59.5,61.0
2021-09-01,66.8,14.4,37,0.0,4.53,55.6,55.1,25.9,8.7
2021-09-02,62.1,10.4,82,0.0,4.07,49.3,54.0,105.3,92.3
2021-09-03,62.7,9.4,156,0.2,2.78,51.3,55.1,145.4,100.0
2021-09-04,66.5,10.8,217,1.7,2.71,70.1,65.1,246.9,97.7
2021-09-05,61.3,13.5,283,0.0,5.36,30.9,46.6,295.7,47.4
2021-09-06,62.4,11.5,104,0.0,4.57,51.4,55.3,100.9,13.7
2021-09-07,64.6,19.6,229,4.6,3.81,66.3,66.3,239.6,75.7
2021-09-08,61.4,14.7,298,0.0,4.95,39.0,48.0,304.6,32.7
2021-09-09,58.5,7.8,359,0.0,3.62,52.3,52.3,90.2,41.1
2021-09-10,57.8,9.7,204,0.0,4.54,39.1,50.9,203.0,25.6
2021-09-11,65.4,14.0,212,0.0,5.01,53.4,66.3,220.8,40.9
2021-09-12,66.4,13.7,262,0.0,4.3,67.6,66.7,341.7,85.7
2021-09-13,67.6,7.5,64,0.0,2.68,76.1,69.8,58.2,96.6
2021-09-14,66.9,17.6,241,0.1,4.86,49.6,62.6,270.3,83.6
2021-09-15,61.3,8.2,27,0.0,3.76,47.1,50.4,81.7,18.4
2021-09-16,57.9,10.1,148,0.0,4.33,43.9,53.2,130.6,0.0
2021-09-17,63.0,15.2,236,0.0,4.83,38.9,57.1,251.9,25.0
2021-09-18,65.9,12.6,31,0.0,3.35,69.6,59.6,33.6,19.0
2021-09-19,64.0,11.0,125,0.2,3.75,62.0,66.1,109.1,41.1
2021-09-20,69.0,15.8,177,8.1,2.54,69.4,66.6,178.3,54.9
2021-09-21,62.3,16.6,336,25.4,2.09,66.7,55.2,8.0,97.0
2021-09-22,58.0,24.4,3,3.8,2.74,60.9,46.6,0.9,99.9
2021-09-23,53.0,17.5,334,0.4,3.09,56.0,46.0,16.0,57.4
2021-09-24,54.5,17.8,225,3.5,5.07,39.1,47.7,201.3,52.6
2021-09-25,50.2,13.4,270,0.3,4.11,31.6,35.7,269.2,52.9
2021-09-26,57.7,16.4,222,0.0,5.82,36.9,49.2,215.4,71.0
2021-09-27,64.6,16.2,261,0.0,4.87,50.6,58.2,296.2,8.4
2021-09-28,61.1,10.8,56,0.0,3.16,61.6,53.9,65.1,5.1
2021-09-29,57.0,8.1,105,0.0,3.14,64.7,60.1,92.5,26.3
2021-09-30,57.6,7.7,117,0.0,2.83,60.0,57.8,99.3,97.1
2021-10-01,61.0,9.9,146,0.0,3.64,58.1,63.7,130.6,36.7
2021-10-02,66.6,10.1,199,9.3,2.12,84.0,66.8,200.0,98.4
2021-10-03,64.3,6.9,237,25.2,1.91,78.6,64.7,239.3,82.9
2021-10-04,60.1,15.1,358,6.8,1.34,88.9,61.4,8.7,36.7
2021-10-05,60.1,10.9,25,1.4,1.04,88.9,60.1,28.3,67.3
2021-10-06,61.9,10.8,69,3.7,1.29,87.4,61.6,52.3,97.3
2021-10-07,63.8,11.9,109,14.7,1.14,88.1,65.5,120.1,57.3
2021-10-08,60.0,5.7,216,10.2,2.05,77.1,62.6,231.3,64.7
2021-10-09,59.9,11.8,151,1.0,2.74,73.6,63.9,115.5,32.9
2021-10-10,69.0,15.2,184,0.8,2.59,67.7,64.2,196.4,78.3
2021-10-11,64.3,16.0,180,14.3,2.21,79.7,65.8,158.1,88.7
2021-10-12,56.7,15.5,235,4.2,1.48,69.7,57.7,257.6,90.6
2021-10-13,54.3,15.2,174,1.1,1.91,70.4,57.9,157.6,98.6
2021-10-14,55.2,11.5,232,10.4,1.8,53.7,49.0,239.4,52.0
2021-10-15,54.1,11.2,322,2.1,1.48,67.9,47.6,331.8,100.0
2021-10-16,46.1,16.1,289,0.0,3.0,41.6,33.4,294.7,31.7
2021-10-17,45.6,11.0,278,0.0,3.15,40.4,37.9,287.3,1.4
2021-10-18,45.4,8.0,228,0.0,2.78,48.7,46.3,213.1,0.0
2021-10-19,52.4,10.0,211,0.0,2.77,53.3,49.3,205.4,52.0
2021-10-20,53.3,12.2,199,3.3,2.79,60.0,53.8,193.2,66.6
2021-10-21,49.4,17.2,278,1.5,1.36,72.0,46.1,302.7,100.0
2021-10-22,42.8,8.0,317,0.0,1.77,46.4,33.2,317.4,90.6
2021-10-23,43.1,8.1,332,0.0,2.04,47.6,32.5,332.3,58.0
2021-10-24,39.8,23.5,78,32.6,0.74,85.1,45.3,72.0,100.0
2021-10-25,49.0,26.0,38,13.4,1.36,72.6,42.1,17.8,95.1
2021-10-26,44.0,14.5,23,0.1,1.86,61.3,39.6,25.7,56.3
2021-10-27,43.2,11.9,117,0.0,1.85,63.9,39.7,110.8,68.9
2021-10-28,49.3,13.2,100,12.2,0.68,87.4,50.8,80.0,100.0
2021-10-29,53.0,20.3,18,25.0,0.42,93.3,52.0,16.1,100.0
2021-10-30,48.6,17.4,8,1.0,1.49,74.7,46.4,14.4,29.7
2021-10-31,41.2,14.3,295,0.0,1.61,56.3,36.2,302.9,46.0
2021-11-01,36.7,14.6,278,0.0,2.02,39.4,23.0,272.4,85.7
2021-11-02,33.4,13.4,283,0.0,1.79,43.7,23.3,287.6,68.7
2021-11-03,31.3,6.9,301,0.0,1.43,45.9,23.3,280.1,94.4
2021-11-04,29.6,7.3,238,0.0,1.15,51.0,27.1,208.3,38.0
2021-11-05,33.6,11.6,202,0.0,1.74,51.7,31.6,192.0,5.9
2021-11-06,37.9,13.5,208,0.0,2.17,57.7,39.2,207.9,1.3
2021-11-07,44.2,14.5,213,0.0,2.09,62.6,47.5,203.9,91.9
2021-11-08,48.5,14.0,220,0.0,2.09,64.3,48.8,223.6,49.9
2021-11-09,48.5,12.8,25,0.0,1.18,73.4,45.2,25.8,47.4
2021-11-10,46.3,14.7,104,0.0,1.5,73.3,45.0,101.3,100.0
2021-11-11,42.9,19.4,202,10.1,1.48,66.6,39.8,244.0,75.1
2021-11-12,34.7,18.7,231,1.0,1.47,68.4,29.1,236.7,100.0
2021-11-13,34.6,13.5,271,0.4,1.27,53.0,24.6,272.4,98.0
2021-11-14,32.3,20.2,273,3.6,1.0,67.0,27.5,301.7,89.7
2021-11-15,26.8,9.9,260,0.3,0.7,66.3,23.7,226.7,100.0
2021-11-16,33.2,16.3,147,0.0,1.19,70.4,36.4,134.9,80.7
2021-11-17,43.4,17.0,245,6.4,0.85,82.6,46.1,297.5,100.0
2021-11-18,31.5,19.9,276,0.0,1.83,44.6,15.3,274.9,95.3
2021-11-19,25.6,11.4,219,0.0,1.3,53.1,21.4,189.9,98.7
2021-11-20,34.7,12.7,198,0.0,1.31,62.0,31.8,206.6,90.4
2021-11-21,31.9,17.8,267,1.0,1.67,55.1,34.3,258.2,4.3
2021-11-22,23.5,15.5,291,0.0,1.57,39.1,10.4,272.7,31.0
2021-11-23,22.8,15.5,203,0.0,1.83,24.0,5.6,189.1,68.4
2021-11-24,35.4,16.0,195,0.5,1.72,60.1,34.7,193.7,100.0
2021-11-25,24.2,16.3,309,2.5,0.71,73.6,29.1,311.9,100.0
2021-11-26,19.2,12.5,275,0.0,1.2,34.4,4.6,229.3,69.1
2021-11-27,27.9,11.9,204,0.3,0.87,72.1,29.1,210.0,56.9
2021-11-28,27.6,17.7,298,0.0,1.29,44.1,15.1,301.1,4.1
2021-11-29,24.4,13.2,202,0.1,1.15,48.4,20.2,178.2,99.3
2021-11-30,32.1,12.5,293,0.0,1.31,58.7,31.5,274.4,32.9
2021-12-01,34.0,15.4,198,0.5,0.86,76.9,41.6,209.1,80.4
2021-12-02,36.6,18.7,274,0.5,2.12,44.6,29.9,302.4,39.0
2021-12-03,38.4,8.5,55,2.4,0.69,76.3,37.4,77.4,70.7
2021-12-04,32.3,9.2,302,0.0,0.99,44.1,18.2,293.2,99.7
2021-12-05,35.9,15.0,142,8.9,0.79,86.6,35.5,168.5,100.0
2021-12-06,16.6,21.0,278,0.0,1.26,48.1,11.2,281.3,21.6
2021-12-07,14.1,12.1,227,0.0,1.13,19.6,-11.7,197.7,99.3
2021-12-08,21.8,9.8,250,0.0,1.04,52.9,14.9,332.1,11.3
2021-12-09,25.8,16.4,167,0.0,0.85,62.6,28.9,178.2,79.7
2021-12-10,32.1,20.4,81,20.8,0.66,84.0,38.9,83.0,99.1
2021-12-11,32.5,25.5,254,6.6,1.12,51.7,21.6,279.6,45.4
2021-12-12,31.7,16.6,216,0.0,1.97,47.0,26.2,212.3,52.0
2021-12-13,35.4,15.2,222,0.0,1.51,61.7,33.4,227.0,58.9
2021-12-14,31.8,13.0,147,2.7,1.04,68.6,37.5,142.8,99.7
2021-12-15,47.6,28.2,194,1.6,0.91,86.0,59.5,199.9,100.0
2021-12-16,32.3,29.2,235,0.8,2.18,50.6,23.1,245.7,0.0
2021-12-17,26.1,11.2,9,0.0,1.0,67.9,24.3,42.3,88.9
2021-12-18,28.8,12.9,14,5.2,0.57,74.0,28.8,345.5,99.9
2021-12-19,27.2,13.0,232,0.0,0.76,64.4,23.7,203.4,75.9
2021-12-20,29.1,14.5,225,0.0,0.94,62.3,27.2,241.5,73.4
2021-12-21,28.0,15.8,256,0.0,1.04,57.7,24.1,231.2,57.0
2021-12-22,18.8,14.9,284,0.0,1.13,33.0,3.2,256.0,18.7
2021-12-23,26.3,11.9,192,0.1,1.02,68.0,33.0,207.1,99.4
2021-12-24,29.4,15.2,186,0.0,0.45,88.6,50.6,187.0,100.0
2021-12-25,33.2,12.8,0,3.2,0.63,70.4,30.6,7.7,24.1
2021-12-26,29.9,17.5,77,0.0,0.74,75.4,30.6,72.7,99.7
2021-12-27,31.7,18.0,221,29.6,0.83,75.9,38.4,268.3,99.9
2021-12-28,28.1,16.7,106,13.6,0.38,95.1,33.2,113.8,100.0
2021-12-29,30.8,10.6,304,0.2,0.66,65.6,21.9,340.7,98.3
2021-12-30,31.1,7.1,119,0.6,0.65,71.3,28.5,136.0,99.9
2021-12-31,29.8,11.9,54,0.4,0.49,85.9,36.2,103.5,100.0
2022-01-01,29.1,22.3,25,9.4,0.61,78.6,26.5,31.7,100.0
2022-01-02,10.3,20.1,346,3.5,0.51,73.4,14.5,330.3,62.9
2022-01-03,1.1,11.3,234,0.0,0.56,60.0,5.4,215.3,1.6
2022-01-04,18.9,14.6,189,0.0,0.87,72.3,23.9,179.4,100.0
2022-01-05,9.2,22.6,246,0.0,0.6,66.1,2.4,251.4,82.9
2022-01-06,4.8,14.5,273,0.1,0.44,70.7,5.2,275.1,72.6
2022-01-07,-2.7,12.7,262,0.0,0.46,63.9,0.3,251.9,21.9
2022-01-08,8.3,15.6,180,0.3,0.63,64.1,15.5,181.7,100.0
2022-01-09,7.6,15.7,285,0.1,0.61,57.9,3.2,294.3,0.4
2022-01-10,4.4,11.4,291,0.1,0.64,46.0,-5.8,303.4,1.0
2022-01-11,-1.8,20.5,207,0.0,1.2,37.3,6.2,192.2,30.1
2022-01-12,27.8,13.4,247,0.0,0.72,71.6,30.0,236.1,77.9
2022-01-13,26.8,8.3,20,0.0,0.54,84.9,32.7,30.9,86.1
2022-01-14,26.7,15.2,37,0.5,0.63,73.6,21.5,36.7,100.0
2022-01-15,21.4,16.0,60,1.6,0.58,73.3,15.0,51.3,100.0
2022-01-16,12.8,7.6,221,0.4,0.86,37.3,3.8,207.8,92.6
2022-01-17,21.1,14.3,300,0.0,0.75,60.9,16.5,291.9,73.6
2022-01-18,19.6,20.7,205,0.0,1.17,62.0,27.9,186.7,91.4
2022-01-19,12.4,19.0,296,0.0,0.93,47.7,2.0,306.6,88.3
2022-01-20,6.7,12.8,332,0.0,0.83,37.7,-4.8,357.3,1.1
2022-01-21,11.9,11.7,229,0.0,0.95,39.7,3.0,194.4,27.3
2022-01-22,18.6,17.9,235,0.6,1.18,46.3,11.3,262.0,91.9
2022-01-23,3.6,15.7,324,7.0,0.56,58.6,4.3,320.4,32.9
2022-01-24,7.1,12.8,275,3.3,0.6,72.4,16.5,314.2,84.6
2022-01-25,-0.8,11.8,296,0.0,0.54,56.4,-3.3,289.9,22.1
2022-01-26,-9.7,13.3,238,0.0,0.49,59.1,-5.7,209.8,12.3
2022-01-27,10.7,14.3,236,0.5,0.86,71.4,21.0,255.3,73.9
2022-01-28,5.3,11.0,347,6.9,0.52,71.7,14.8,352.7,70.0
2022-01-29,1.1,9.0,216,0.0,0.64,63.1,7.2,192.8,87.6
2022-01-30,3.6,9.2,332,0.0,0.54,75.7,21.7,1.1,99.9
2022-01-31,19.4,13.7,168,0.0,0.84,72.6,22.0,154.4,95.3
2022-02-01,28.5,16.2,209,3.6,0.97,80.7,37.6,234.4,100.0
2022-02-02,16.5,18.6,351,11.3,0.45,78.4,14.2,359.3,100.0
2022-02-03,18.3,18.5,18,4.7,0.53,78.6,17.2,25.7,100.0
2022-02-04,12.8,12.5,290,0.5,0.76,58.6,9.2,226.2,98.7
2022-02-05,3.6,17.0,225,0.0,0.69,63.4,4.3,194.1,45.6
2022-02-06,15.6,15.2,209,0.0,0.92,74.0,22.3,202.7,45.1
2022-02-07,12.0,10.1,277,0.0,0.76,61.1,10.7,287.0,57.4
2022-02-08,7.5,14.6,196,0.0,0.89,76.3,24.2,186.4,65.0
2022-02-09,30.3,14.0,252,0.0,0.93,73.1,30.9,256.9,94.4
2022-02-10,25.1,15.1,255,0.4,1.07,58.1,19.5,245.1,99.6
2022-02-11,27.9,21.0,245,2.7,1.16,67.9,32.0,259.6,66.9
2022-02-12,12.3,16.8,317,0.3,1.21,38.1,-1.3,305.9,64.4
2022-02-13,12.8,8.7,298,0.0,1.03,38.6,-3.1,333.5,86.6
2022-02-14,13.9,7.0,223,0.0,1.17,35.9,3.1,228.7,37.4
2022-02-15,18.9,17.0,146,0.0,1.27,54.6,18.4,130.1,98.9
2022-02-16,42.1,22.3,207,10.8,2.16,70.4,44.4,209.3,100.0
2022-02-17,18.6,24.0,359,15.6,0.69,72.6,17.9,3.9,100.0
2022-02-18,3.7,22.8,232,0.1,1.29,44.9,8.1,203.4,44.4
2022-02-19,6.1,21.9,281,0.2,1.14,42.3,-1.4,264.7,0.0
2022-02-20,14.6,20.8,210,0.0,2.42,42.3,27.0,215.0,14.6
2022-02-21,30.2,10.6,32,0.0,1.11,84.9,34.9,38.9,86.3
2022-02-22,22.8,14.0,337,15.8,0.41,93.1,31.6,349.7,100.0
2022-02-23,15.6,14.4,336,0.2,1.37,40.6,2.8,11.1,86.0
2022-02-24,23.7,15.2,66,3.5,0.89,62.4,15.1,60.2,100.0
2022-02-25,19.1,10.4,345,3.8,0.78,66.4,17.0,5.4,100.0
2022-02-26,12.1,13.6,237,0.0,1.4,44.6,11.0,229.4,0.0
2022-02-27,25.8,15.4,259,0.0,1.99,42.6,18.7,324.8,10.1
2022-02-28,26.0,17.0,195,0.0,2.09,43.6,28.6,220.2,40.4
2022-03-01,29.0,11.2,297,0.1,1.21,73.9,32.6,35.3,67.7
2022-03-02,28.1,14.0,68,2.4,1.4,66.6,37.5,267.1,78.0
2022-03-03,26.8,13.9,33,0.0,1.4,54.1,15.1,39.5,91.7
2022-03-04,23.2,12.2,105,0.0,1.45,58.1,22.4,90.6,100.0
2022-03-05,35.1,23.3,179,1.0,3.15,56.9,49.6,193.4,82.9
2022-03-06,35.0,24.2,247,3.0,1.91,52.9,28.6,262.4,94.4
2022-03-07,27.8,13.8,332,12.0,0.91,67.1,24.9,310.4,100.0
2022-03-08,19.5,9.7,224,0.0,1.69,51.7,21.0,212.0,32.4
2022-03-09,26.2,9.7,266,0.0,2.0,45.4,21.7,282.0,3.9
2022-03-10,22.0,11.8,357,1.6,1.17,61.9,14.8,49.3,100.0
2022-03-11,18.1,19.4,277,1.1,1.95,24.4,1.1,257.7,84.7
2022-03-12,9.8,14.5,293,0.0,1.67,21.4,-11.5,288.6,8.6
2022-03-13,18.8,13.6,227,1.9,2.84,33.4,21.5,250.9,0.7
2022-03-14,32.1,14.5,225,0.0,2.48,46.9,37.5,219.6,100.0
2022-03-15,31.6,9.7,23,0.0,1.67,78.0,35.2,57.1,48.3
2022-03-16,30.4,16.7,197,0.0,2.8,50.7,45.9,208.4,68.4
2022-03-17,40.4,10.8,305,4.2,2.46,80.1,49.8,51.0,99.1
2022-03-18,36.7,17.2,25,18.2,0.44,94.4,38.1,30.7,100.0
2022-03-19,35.0,15.0,327,5.3,0.51,85.3,35.5,305.1,100.0
2022-03-20,31.6,8.6,229,0.0,2.63,55.0,39.9,171.8,23.6
2022-03-21,38.9,13.1,205,0.0,3.76,44.9,45.9,212.7,64.4
2022-03-22,42.8,17.8,120,7.8,0.93,85.4,43.6,116.1,100.0
2022-03-23,40.4,14.5,135,24.6,1.34,85.6,51.9,180.3,100.0
2022-03-24,35.1,16.1,250,8.5,0.5,97.9,37.9,327.0,100.0
2022-03-25,35.3,17.7,277,1.1,1.75,60.0,32.8,273.1,72.1
2022-03-26,27.7,16.2,312,0.0,1.84,47.0,14.8,312.4,95.4
2022-03-27,22.4,13.2,340,0.0,1.96,44.3,11.8,10.9,68.3
2022-03-28,22.8,11.3,18,0.0,1.88,47.3,11.1,51.2,88.3
2022-03-29,27.2,16.9,118,0.1,1.69,56.1,23.8,121.6,100.0
2022-03-30,39.4,18.3,175,44.2,1.11,94.0,55.8,199.3,100.0
2022-03-31,33.9,12.3,306,23.4,0.89,68.0,28.1,303.6,100.0
2022-04-01,28.0,11.0,325,0.5,2.15,55.1,24.5,67.3,47.0
2022-04-02,30.2,9.8,183,6.1,0.72,90.7,33.4,67.1,100.0
2022-04-03,31.8,8.8,73,1.1,1.78,77.9,37.2,96.3,96.7
2022-04-04,37.1,14.6,215,8.5,2.35,60.0,38.0,283.2,71.6
2022-04-05,34.4,12.7,97,0.0,1.63,80.3,39.1,75.2,88.3
2022-04-06,43.9,21.8,223,13.5,2.72,48.3,35.5,236.2,33.6
2022-04-07,38.8,18.1,241,4.7,2.05,59.9,31.1,246.4,94.1
2022-04-08,33.6,14.5,324,6.4,0.65,86.3,32.7,359.5,100.0
2022-04-09,29.7,12.0,314,0.1,1.88,62.6,30.7,68.8,94.0
2022-04-10,29.9,18.2,149,0.0,3.45,49.9,35.8,128.4,96.9
2022-04-11,42.9,19.5,230,0.0,3.02,51.3,39.4,246.6,99.6
2022-04-12,35.4,19.3,140,0.5,3.09,62.0,44.8,107.5,90.9
2022-04-13,43.4,21.4,211,10.4,2.54,76.7,60.5,195.4,100.0
2022-04-14,34.7,30.4,247,0.0,3.8,29.4,17.6,245.0,49.0
2022-04-15,38.0,15.7,248,2.1,3.28,47.0,29.2,247.6,89.4
2022-04-16,30.8,12.0,316,0.0,2.81,41.1,23.1,303.6,76.6
2022-04-17,29.5,9.9,41,0.0,2.1,60.7,25.3,53.7,100.0
2022-04-18,33.7,18.2,288,7.4,1.42,65.9,30.5,275.5,81.1
2022-04-19,33.4,14.3,324,0.0,2.61,61.4,32.7,70.8,78.1
2022-04-20,39.1,20.9,155,3.3,1.6,66.7,37.2,146.9,100.0
2022-04-21,47.3,17.0,250,2.1,3.93,45.9,43.8,257.4,4.6
2022-04-22,43.7,17.5,105,16.9,0.9,91.0,47.7,105.6,100.0
2022-04-23,57.6,19.3,182,0.4,4.99,59.0,61.7,182.6,86.1
2022-04-24,56.7,20.6,211,3.3,3.53,77.4,61.9,210.3,62.0
2022-04-25,41.3,15.9,266,0.0,3.07,49.4,32.8,266.8,98.3
2022-04-26,34.2,15.7,295,0.1,2.71,43.3,26.2,290.6,76.1
2022-04-27,33.2,11.5,25,1.5,1.71,69.3,25.7,42.6,97.0
2022-04-28,35.6,12.5,97,1.0,1.66,74.6,38.3,96.0,100.0
2022-04-29,44.7,15.0,112,1.8,2.69,60.0,40.9,106.9,100.0
2022-04-30,47.8,19.1,134,28.2,2.04,87.0,56.6,136.1,97.7
2022-05-01,47.9,18.4,232,0.1,2.14,64.1,42.1,240.4,100.0
2022-05-02,45.8,10.1,254,0.0,2.61,66.3,42.9,164.7,100.0
2022-05-03,41.8,20.6,18,26.1,0.93,87.0,41.7,5.9,99.7
2022-05-04,38.6,17.6,17,0.0,2.63,76.6,39.9,21.0,91.9
2022-05-05,38.7,10.7,39,8.7,1.05,93.9,45.2,30.7,100.0
2022-05-06,44.2,17.6,30,9.7,0.76,90.1,43.5,28.3,100.0
2022-05-07,40.5,12.2,21,0.0,3.8,56.4,38.2,20.3,0.0
2022-05-08,42.5,13.6,127,0.0,3.21,66.9,47.5,110.0,100.0
2022-05-09,52.3,19.0,152,0.0,4.66,65.9,59.8,147.0,40.0
2022-05-10,64.4,15.7,176,1.7,4.6,66.7,71.5,179.1,59.4
2022-05-11,59.9,15.2,146,0.9,2.32,96.7,66.2,88.3,100.0
2022-05-12,67.6,13.4,151,0.0,5.65,61.7,67.9,148.7,64.3
2022-05-13,64.1,12.7,160,0.0,6.26,53.6,62.5,145.3,93.3
2022-05-14,60.6,8.7,89,0.0,4.02,69.9,61.9,101.3,99.0
2022-05-15,58.5,10.4,197,0.3,3.72,56.9,50.2,88.9,100.0
2022-05-16,54.8,15.5,284,0.0,5.52,31.3,40.7,291.3,62.4
2022-05-17,49.0,10.6,55,0.3,3.76,55.1,41.2,86.6,82.1
2022-05-18,48.8,11.7,66,7.3,2.06,85.7,51.8,26.3,87.9
2022-05-19,49.8,17.0,197,0.9,5.35,50.6,60.5,211.3,69.3
2022-05-20,59.2,23.3,214,13.2,4.31,59.4,67.0,231.0,98.7
2022-05-21,56.0,7.2,339,35.7,2.1,80.0,53.9,64.9,100.0
2022-05-22,48.9,11.0,334,0.1,4.4,45.7,38.4,41.1,98.7
2022-05-23,45.6,9.6,52,0.0,4.08,50.9,37.9,40.2,17.6
2022-05-24,47.4,14.1,47,0.0,2.92,70.1,47.5,47.1,70.0
2022-05-25,52.4,14.5,126,18.4,1.93,87.1,65.6,139.0,100.0
2022-05-26,59.5,12.5,185,4.4,3.16,74.1,64.5,175.9,83.3
2022-05-27,49.3,20.6,5,23.3,1.62,78.9,48.4,0.9,96.0
2022-05-28,46.4,10.9,152,1.4,4.35,63.7,56.0,133.2,97.0
2022-05-29,59.9,18.6,173,0.0,5.57,60.6,64.6,171.6,100.0
2022-05-30,68.5,19.5,189,0.0,7.3,51.0,63.3,180.9,70.1
2022-05-31,70.6,16.2,211,3.0,4.87,62.4,67.6,214.7,100.0
2022-06-01,56.9,12.1,10,0.0,3.02,70.3,53.2,82.6,99.3
2022-06-02,56.0,7.2,118,1.4,4.77,55.7,54.0,66.3,48.0
2022-06-03,57.3,13.0,275,0.0,6.75,23.6,37.2,292.6,3.6
2022-06-04,51.5,8.5,47,0.0,2.94,53.9,45.7,65.5,96.9
2022-06-05,56.9,8.6,75,2.2,3.67,69.7,55.7,53.4,75.9
2022-06-06,55.2,12.2,215,14.5,3.62,70.1,64.4,176.0,100.0
2022-06-07,51.5,13.7,31,0.1,2.99,79.7,54.1,73.9,36.3
2022-06-08,54.3,11.8,74,9.1,1.94,85.4,55.1,61.2,87.3
2022-06-09,48.8,12.0,280,0.0,4.87,40.9,47.7,328.7,41.7
2022-06-10,57.2,11.0,233,0.3,3.8,47.6,50.7,255.5,92.3
2022-06-11,55.1,9.6,219,0.0,3.15,60.6,57.9,219.7,100.0
2022-06-12,52.7,11.9,15,0.0,3.07,80.7,51.5,25.0,41.1
2022-06-13,53.4,17.3,135,5.1,3.49,77.6,73.1,168.4,100.0
2022-06-14,65.6,13.3,202,0.0,7.0,56.0,75.4,202.6,0.0
2022-06-15,78.2,20.3,212,0.0,8.07,46.1,68.2,203.7,27.3
2022-06-16,71.3,20.1,248,0.0,8.21,35.1,58.4,247.6,0.0
2022-06-17,63.4,11.5,336,0.0,6.47,49.9,59.3,13.9,0.0
2022-06-18,54.6,10.7,22,0.0,4.88,55.9,46.2,24.1,25.3
2022-06-19,52.3,9.1,165,0.0,5.84,33.0,48.1,165.8,48.3
2022-06-20,64.3,11.9,221,0.0,7.99,37.4,60.6,222.6,39.1
2022-06-21,71.9,14.9,233,0.0,8.54,41.1,68.1,231.0,5.3
2022-06-22,72.7,10.6,320,0.0,6.31,38.1,57.3,335.5,24.1
2022-06-23,63.3,9.0,66,0.0,6.07,43.3,52.7,92.6,0.0
2022-06-24,63.0,10.9,131,0.0,6.64,37.1,55.7,100.9,32.9
2022-06-25,67.2,12.8,172,18.0,2.72,79.0,66.2,159.3,94.0
2022-06-26,66.0,14.0,296,0.0,6.21,36.1,50.5,291.5,80.9
2022-06-27,59.9,11.0,343,0.0,5.85,48.3,50.1,69.6,0.0
2022-06-28,57.8,11.1,217,0.0,6.22,30.4,48.4,231.1,71.1
2022-06-29,65.8,11.8,173,0.3,5.91,56.3,61.4,82.3,8.1
2022-06-30,71.3,15.9,214,0.0,8.29,33.1,56.9,218.6,40.4
2022-07-01,66.0,12.9,262,1.1,4.39,65.3,60.5,68.7,100.0
2022-07-02,63.6,9.3,169,0.0,5.99,33.7,47.4,102.6,99.4
2022-07-03,64.3,7.6,87,0.0,5.39,55.6,61.6,76.9,22.3
2022-07-04,67.1,14.3,186,0.2,5.25,45.9,64.0,193.4,100.0
2022-07-05,67.8,14.1,290,17.9,3.31,82.4,74.1,50.1,95.0
2022-07-06,63.5,12.6,14,4.5,3.27,85.7,65.4,10.6,99.3
2022-07-07,63.1,8.4,50,0.8,4.17,72.4,69.5,82.3,99.9
2022-07-08,65.0,14.9,30,14.6,1.46,95.1,68.8,28.4,99.9
2022-07-09,64.8,12.9,37,0.0,4.99,65.3,57.7,26.1,2.4
2022-07-10,60.6,10.6,123,0.0,5.88,49.9,59.4,128.2,30.3
2022-07-11,69.3,15.4,234,0.1,5.03,60.7,68.9,237.5,71.1
2022-07-12,68.5,11.4,300,0.0,6.43,37.9,54.8,313.1,13.3
2022-07-13,64.9,12.2,348,1.0,4.39,74.6,61.6,28.4,28.3
2022-07-14,61.4,10.4,19,0.0,4.74,70.0,61.4,33.7,1.0
2022-07-15,62.1,10.8,182,16.1,2.14,79.9,66.8,188.9,95.0
2022-07-16,66.2,12.5,31,0.4,3.45,81.6,64.7,23.8,89.4
2022-07-17,67.1,10.1,26,1.0,2.39,85.4,68.5,20.6,88.1
2022-07-18,65.6,7.6,346,0.0,5.57,49.1,62.4,92.4,3.4
2022-07-19,68.3,15.4,215,0.1,6.37,53.3,67.0,205.7,38.6
2022-07-20,75.7,18.6,247,0.1,6.92,43.1,62.0,274.4,42.6
2022-07-21,69.1,14.8,265,0.3,5.97,58.9,66.8,245.7,53.9
2022-07-22,69.3,11.9,238,0.0,6.33,40.9,59.9,203.4,55.9
2022-07-23,69.7,16.9,196,15.8,5.31,62.4,71.2,227.4,86.0
2022-07-24,72.9,20.0,239,9.9,4.46,63.4,70.4,275.0,45.4
2022-07-25,66.2,9.3,43,0.4,3.97,66.4,59.1,88.7,100.0
2022-07-26,61.1,9.9,136,0.0,4.65,58.3,59.9,106.4,99.3
2022-07-27,68.3,11.1,251,1.0,4.51,60.6,66.8,270.7,66.9
2022-07-28,67.0,11.4,268,0.7,5.32,41.1,54.5,270.3,90.1
2022-07-29,61.6,9.0,295,0.2,5.04,43.3,53.2,309.1,51.1
2022-07-30,61.7,9.6,132,0.0,4.64,57.3,61.0,115.1,59.9
2022-07-31,63.8,11.9,202,0.0,5.26,46.0,59.0,197.0,60.9
2022-08-01,70.2,15.2,262,3.1,5.55,49.3,63.6,294.1,40.3
2022-08-02,65.2,12.5,166,0.0,5.59,60.6,68.7,129.4,42.0
2022-08-03,74.1,17.8,209,10.3,3.86,78.6,73.9,199.5,82.9
2022-08-04,66.8,10.8,350,1.5,3.48,81.4,68.1,26.1,43.4
2022-08-05,66.1,8.3,67,0.0,4.51,74.0,70.8,80.9,7.1
2022-08-06,71.4,9.6,177,1.1,5.27,54.9,70.5,175.0,58.0
2022-08-07,73.5,11.8,218,36.8,1.57,85.9,74.9,227.9,100.0
2022-08-08,65.9,18.2,285,9.9,2.36,83.6,68.9,344.3,100.0
2022-08-09,61.7,11.4,21,0.0,4.31,66.9,57.6,28.0,0.0
2022-08-10,58.2,6.8,193,0.0,4.82,62.9,65.3,94.6,8.0
2022-08-11,63.4,11.9,17,0.1,4.65,62.6,58.1,29.5,0.4
2022-08-12,62.8,8.9,66,0.0,3.13,68.9,61.4,76.0,88.0
2022-08-13,62.3,14.8,175,1.4,4.4,59.6,59.8,170.6,81.7
2022-08-14,64.7,14.6,16,2.4,2.45,83.1,64.4,23.7,98.3
2022-08-15,64.3,10.6,21,0.3,3.39,77.3,64.0,27.4,99.6
2022-08-16,64.9,10.6,22,0.0,4.28,67.0,60.7,26.0,65.3
2022-08-17,62.2,8.3,15,0.4,3.7,73.6,64.5,31.9,88.0
2022-08-18,58.8,8.0,202,0.1,4.64,44.7,56.2,169.1,23.4
2022-08-19,66.2,10.9,192,0.2,5.24,42.9,57.8,193.5,66.3
2022-08-20,66.4,13.3,190,10.7,3.32,73.7,65.4,191.7,66.4
2022-08-21,65.5,12.1,17,9.2,2.9,82.9,65.3,18.6,23.6
2022-08-22,63.1,6.9,11,0.2,3.94,71.7,64.9,60.6,16.1
2022-08-23,62.0,8.2,191,0.0,4.33,56.4,61.9,106.4,31.9
2022-08-24,62.0,9.5,142,0.0,4.16,57.6,62.6,117.3,28.1
2022-08-25,65.1,11.9,217,13.7,2.95,71.9,67.7,225.4,61.4
2022-08-26,62.6,11.3,16,0.2,3.32,76.6,62.1,34.7,4.9
2022-08-27,59.6,10.2,120,0.0,4.01,67.6,63.8,101.8,27.7
2022-08-28,68.1,12.7,171,13.1,4.1,63.0,69.3,175.5,99.3
2022-08-29,71.6,14.3,228,6.2,4.2,62.7,71.8,239.6,66.4
2022-08-30,65.9,12.8,285,0.0,5.33,42.7,53.7,299.9,1.7
2022-08-31,62.6,10.5,276,0.0,5.3,41.9,57.0,298.3,21.0
2022-09-01,67.4,8.6,233,0.0,5.08,44.7,61.3,212.8,80.0
2022-09-02,70.1,12.0,193,0.0,4.82,44.7,60.3,186.0,82.6
2022-09-03,65.2,13.9,348,0.9,3.53,78.6,68.6,42.9,65.3
2022-09-04,65.0,13.4,21,2.0,1.85,84.6,64.3,35.7,100.0
2022-09-05,64.8,12.0,31,0.8,2.01,80.3,61.6,27.0,73.4
2022-09-06,65.3,7.5,26,2.8,2.8,77.9,66.2,49.8,26.7
2022-09-07,65.3,7.4,18,0.1,3.65,57.1,58.6,46.7,1.4
2022-09-08,58.8,8.0,164,0.0,4.23,49.4,58.4,141.0,0.0
2022-09-09,60.5,8.7,178,0.0,4.66,47.1,57.7,160.9,0.0
2022-09-10,60.0,7.5,148,0.0,3.99,56.6,62.1,104.3,19.0
2022-09-11,57.7,21.6,2,75.5,0.92,91.3,62.9,9.3,100.0
2022-09-12,54.7,14.7,268,1.4,2.44,68.7,52.6,15.1,63.4
2022-09-13,58.6,10.4,320,0.2,3.19,67.3,61.3,28.3,27.9
2022-09-14,57.9,10.1,15,0.0,3.42,73.0,62.6,50.6,16.7
2022-09-15,61.2,8.2,172,0.0,3.76,54.9,61.6,200.6,99.0
2022-09-16,63.7,10.4,196,0.0,4.22,51.3,61.0,195.3,49.6
2022-09-17,67.5,16.5,207,15.1,4.71,43.1,59.3,215.1,21.7
2022-09-18,68.6,12.2,221,5.5,4.15,52.9,63.9,227.6,7.1
2022-09-19,61.1,10.0,19,3.9,3.25,67.7,58.9,44.9,0.0
2022-09-20,60.5,15.1,184,0.7,3.7,71.0,69.7,159.8,7.1
2022-09-21,63.6,19.0,287,0.0,4.81,59.9,62.9,356.7,97.9
2022-09-22,53.8,14.9,353,0.0,3.61,49.9,41.2,19.4,34.3
2022-09-23,51.7,8.6,132,0.0,2.4,58.9,45.6,127.7,99.4
2022-09-24,53.7,11.5,222,4.3,2.67,59.7,53.7,252.0,89.4
2022-09-25,56.3,14.2,291,8.3,2.52,65.0,53.5,287.1,52.6
2022-09-26,51.5,16.5,299,0.0,3.17,51.9,42.0,305.9,60.3
2022-09-27,47.3,14.5,320,0.5,2.94,47.4,36.0,333.6,94.6
2022-09-28,48.3,12.6,359,0.0,2.62,60.0,41.1,13.0,83.1
2022-09-29,45.8,6.7,84,0.0,2.21,60.9,44.2,111.0,49.4
2022-09-30,45.1,6.8,121,0.0,2.51,64.6,48.6,77.1,3.1
2022-10-01,52.1,11.9,28,0.0,2.95,62.4,49.5,24.7,0.0
2022-10-02,55.2,12.0,38,0.0,2.04,74.1,50.6,20.9,30.6
2022-10-03,46.1,9.4,101,0.0,2.73,60.6,46.6,80.8,0.0
2022-10-04,44.7,6.2,214,0.0,2.86,42.6,43.9,172.3,8.3
2022-10-05,47.6,7.4,231,0.0,3.37,32.6,40.3,222.9,56.6
2022-10-06,53.5,17.9,308,1.5,3.05,61.0,52.6,307.4,89.1
2022-10-07,44.2,18.6,6,3.2,2.27,62.6,37.6,17.1,40.7
2022-10-08,36.7,14.2,254,0.0,2.65,40.4,30.6,254.3,14.9
2022-10-09,44.3,10.5,237,0.1,3.31,41.6,39.8,239.4,35.9
2022-10-10,44.8,7.5,47,0.0,2.39,66.6,50.8,53.5,0.0
2022-10-11,49.9,19.3,191,8.3,2.33,74.4,57.3,192.0,100.0
2022-10-12,51.4,19.3,216,5.9,2.03,75.1,52.4,267.1,57.4
2022-10-13,39.1,21.4,258,0.3,2.81,37.9,24.9,261.5,52.3
2022-10-14,37.1,17.7,228,3.1,2.75,31.9,25.4,215.1,82.9
2022-10-15,36.1,14.2,243,0.0,2.31,50.3,32.7,230.3,22.0
2022-10-16,42.8,14.5,286,0.0,2.3,49.1,33.7,288.7,99.9
2022-10-17,35.9,21.3,308,0.7,1.77,59.4,28.1,315.3,100.0
2022-10-18,34.0,18.6,321,0.2,2.21,49.0,25.6,318.9,100.0
2022-10-19,33.6,16.1,289,0.0,2.35,45.7,25.0,272.6,13.1
2022-10-20,34.2,10.1,232,0.0,2.57,37.6,28.9,224.2,26.7
2022-10-21,43.3,17.3,206,0.0,3.96,41.7,44.0,203.0,0.1
2022-10-22,56.9,16.4,189,0.0,4.42,49.4,53.1,179.0,0.0
2022-10-23,59.6,19.4,173,0.4,4.22,53.6,55.0,168.4,11.4
2022-10-24,62.6,19.2,175,0.2,4.13,51.4,52.5,168.3,99.1
2022-10-25,48.7,17.1,202,26.3,1.4,91.4,55.8,66.0,100.0
2022-10-26,42.2,17.3,326,4.3,1.89,52.3,34.6,312.0,0.0
2022-10-27,38.2,10.1,97,0.0,1.54,65.4,37.7,97.3,99.7
2022-10-28,43.4,10.3,111,0.0,1.79,69.0,42.0,88.5,9.6
2022-10-29,38.2,6.6,134,0.0,1.68,67.4,44.8,104.0,0.0
2022-10-30,44.8,6.6,104,9.5,1.02,76.6,47.8,72.4,100.0
2022-10-31,50.6,6.5,9,2.2,0.48,93.9,53.7,11.0,100.0
2022-11-01,44.3,7.5,234,0.0,2.09,48.0,43.2,225.5,0.0
2022-11-02,45.1,11.0,181,0.0,2.12,64.7,53.0,167.3,0.0
2022-11-03,52.3,17.1,187,0.0,3.0,54.1,51.0,184.9,91.0
2022-11-04,61.1,18.4,192,1.7,2.94,68.0,57.7,186.6,100.0
2022-11-05,45.2,30.1,199,17.9,2.04,61.4,42.5,215.2,96.7
2022-11-06,44.5,18.2,219,0.0,2.5,52.4,41.3,228.5,22.0
2022-11-07,39.8,11.6,329,0.0,2.37,44.1,27.6,19.1,15.7
2022-11-08,44.0,13.5,101,0.0,1.88,67.4,39.1,102.4,90.1
2022-11-09,46.8,14.5,181,1.3,2.91,50.7,46.6,189.6,1.1
2022-11-10,61.0,15.3,195,0.0,3.86,46.1,48.3,191.1,5.4
2022-11-11,32.3,13.0,293,0.0,1.85,44.9,23.5,304.4,7.9
2022-11-12,31.7,11.9,306,0.2,1.29,50.9,20.5,303.6,100.0
2022-11-13,28.2,10.6,310,0.0,1.28,41.6,14.6,301.3,39.1
2022-11-14,26.9,10.8,161,0.0,1.32,47.3,20.5,146.2,85.7
2022-11-15,33.9,12.3,121,8.7,0.63,89.1,32.9,104.1,100.0
2022-11-16,28.5,10.7,287,3.4,0.47,78.4,29.6,296.3,100.0
2022-11-17,28.0,20.5,250,0.2,1.14,54.6,18.5,244.1,54.1
2022-11-18,21.6,17.5,264,0.3,1.17,52.3,11.8,262.4,92.0
2022-11-19,18.2,19.8,254,0.0,1.46,38.1,5.2,273.0,99.4
2022-11-20,14.3,16.6,235,0.0,1.57,30.4,2.9,216.1,62.6
2022-11-21,29.8,16.4,237,0.0,2.04,41.1,19.0,257.5,31.0
2022-11-22,28.9,9.6,239,0.0,1.46,37.4,19.3,241.8,17.9
2022-11-23,31.7,9.4,213,0.0,1.19,70.0,40.5,211.2,0.0
2022-11-24,37.7,10.8,215,0.0,0.84,61.1,36.1,216.6,59.7
2022-11-25,32.6,12.1,278,0.0,1.37,50.3,29.9,263.9,0.0
2022-11-26,35.3,12.8,216,0.0,1.82,46.9,30.1,210.9,53.1
2022-11-27,36.1,17.6,1,4.7,0.43,87.4,38.6,349.8,100.0
2022-11-28,27.7,11.3,198,0.0,1.1,56.1,29.8,186.5,86.3
2022-11-29,37.3,19.6,183,1.8,1.14,68.9,45.2,176.2,90.6
2022-11-30,21.5,22.8,271,0.0,1.39,43.6,9.2,267.0,31.4
2022-12-01,19.1,14.2,218,0.0,1.4,33.6,7.3,183.7,20.0
2022-12-02,33.3,19.2,196,0.0,2.21,48.3,29.9,194.0,95.9
2022-12-03,21.9,21.1,272,0.1,1.28,42.3,8.7,276.9,6.1
2022-12-04,20.8,12.5,228,0.0,1.65,32.1,8.8,226.6,0.0
2022-12-05,29.4,12.7,211,0.1,0.99,61.0,27.9,221.0,100.0
2022-12-06,33.5,8.9,29,3.5,0.52,84.6,37.4,42.3,100.0
2022-12-07,32.6,9.1,332,0.0,0.45,80.4,37.1,292.6,100.0
2022-12-08,34.4,9.9,52,0.0,0.77,70.4,30.6,54.8,98.9
2022-12-09,34.4,16.6,94,13.5,0.21,94.6,34.3,91.6,100.0
2022-12-10,36.6,10.0,129,0.8,0.33,85.4,34.6,148.4,100.0
2022-12-11,35.9,7.3,311,0.5,0.47,72.7,30.7,339.5,99.3
2022-12-12,36.9,9.9,90,0.4,0.64,72.9,31.7,105.1,91.6
2022-12-13,33.6,15.6,120,2.3,0.9,68.0,28.0,116.4,100.0
2022-12-14,36.0,18.8,117,23.9,0.34,91.6,40.5,125.9,100.0
2022-12-15,30.3,15.8,218,14.8,0.68,63.6,25.2,215.4,99.7
2022-12-16,26.1,16.4,226,0.5,0.97,60.7,18.1,237.6,99.6
2022-12-17,21.6,16.3,248,0.0,0.91,64.3,16.1,250.9,100.0
2022-12-18,13.7,13.4,262,0.0,0.76,53.9,8.9,258.1,70.3
2022-12-19,9.6,8.1,248,0.0,0.62,40.1,2.9,172.8,100.0
2022-12-20,21.3,8.7,261,0.0,0.98,59.9,20.3,309.2,9.0
2022-12-21,14.6,8.6,56,0.0,0.44,75.6,21.8,123.2,100.0
2022-12-22,-1.6,18.1,271,5.0,0.55,69.6,12.7,294.9,100.0
2022-12-23,-10.5,24.6,271,0.2,0.46,46.6,-18.0,266.7,97.3
2022-12-24,-1.8,21.5,272,0.0,0.72,47.6,-4.2,275.1,17.1
2022-12-25,3.3,15.3,270,0.0,0.69,45.6,-4.2,260.7,81.6
2022-12-26,10.7,9.4,287,1.1,0.53,58.9,9.8,319.2,86.7
2022-12-27,9.1,17.0,206,0.0,0.77,48.9,7.5,194.9,85.4
2022-12-28,24.2,21.5,198,0.0,1.77,45.7,23.8,198.0,99.9
2022-12-29,43.0,20.4,199,0.0,0.93,85.9,51.6,197.7,100.0
2022-12-30,28.8,19.3,240,0.3,0.44,83.9,33.1,269.8,100.0
2022-12-31,26.3,8.4,49,0.1,0.58,73.4,26.9,130.6,99.3
2023-01-01,33.5,7.8,224,1.9,0.73,81.4,39.8,239.0,85.1
2023-01-02,31.2,9.5,25,0.2,0.44,90.4,35.8,36.1,100.0
2023-01-03,38.0,11.1,55,14.4,0.24,98.4,44.0,324.8,87.3
2023-01-04,31.6,12.0,228,0.0,0.43,77.6,29.9,229.7,100.0
2023-01-05,31.1,9.8,236,1.2,0.48,72.6,25.1,248.3,100.0
2023-01-06,26.6,9.0,268,0.0,0.57,66.3,22.9,256.0,89.7
2023-01-07,23.3,7.9,356,0.0,0.57,75.4,24.8,24.6,77.7
2023-01-08,24.5,6.1,257,0.0,0.48,71.1,25.0,245.9,70.0
2023-01-09,23.6,11.0,218,0.0,0.97,62.0,27.8,214.2,48.6
2023-01-10,33.4,11.2,189,1.7,0.87,78.3,36.7,175.7,30.4
2023-01-11,32.4,9.2,176,0.2,0.82,79.7,42.2,146.2,73.3
2023-01-12,35.3,19.9,353,0.2,0.55,78.1,29.9,355.4,95.6
2023-01-13,26.8,18.1,351,0.8,0.9,60.7,18.6,349.3,98.7
2023-01-14,21.8,9.2,221,0.0,0.79,63.9,20.3,202.5,62.4
2023-01-15,25.3,16.6,168,0.0,1.31,54.7,24.0,161.0,91.7
2023-01-16,36.6,15.7,170,5.5,0.82,92.7,40.3,166.1,100.0
2023-01-17,36.9,17.8,252,0.1,0.66,76.0,33.1,264.4,100.0
2023-01-18,32.8,16.9,30,6.6,0.55,80.7,31.8,69.5,100.0
2023-01-19,34.9,19.5,220,6.6,0.36,91.7,37.5,256.8,100.0
2023-01-20,24.8,13.4,290,0.3,0.68,62.9,21.9,292.9,97.7
2023-01-21,25.4,8.3,231,0.0,0.76,65.7,23.8,224.8,88.4
2023-01-22,28.1,10.2,354,2.6,0.35,85.3,28.4,7.1,100.0
2023-01-23,19.5,14.9,258,0.0,0.86,67.4,20.3,241.3,43.6
2023-01-24,24.8,12.3,233,0.0,0.88,65.6,26.2,212.7,90.3
2023-01-25,30.3,11.7,18,8.6,0.31,90.7,31.0,7.2,100.0
2023-01-26,18.6,12.7,263,2.0,0.5,78.4,24.1,257.9,100.0
2023-01-27,11.8,18.6,221,0.2,0.72,77.4,27.2,218.8,93.0
2023-01-28,17.0,12.4,32,4.2,0.39,80.7,20.0,70.0,100.0
2023-01-29,16.9,14.9,355,2.0,0.48,79.0,18.9,354.4,100.0
2023-01-30,3.3,11.2,314,0.6,0.59,57.3,-0.1,313.4,34.7
2023-01-31,-2.5,8.6,271,0.0,0.59,50.9,-4.4,264.0,15.6
2023-02-01,1.3,11.5,229,0.0,0.97,51.1,8.9,222.6,0.0
2023-02-02,13.0,14.6,266,0.0,1.18,61.3,17.9,284.7,11.1
2023-02-03,-1.3,15.2,312,0.0,0.69,42.1,-10.0,312.3,2.1
2023-02-04,12.0,17.2,202,0.0,1.54,53.4,21.1,213.4,85.3
2023-02-05,26.7,16.9,250,0.0,1.41,64.7,29.4,289.1,44.6
2023-02-06,22.3,19.9,153,0.0,1.28,66.0,28.3,141.4,85.4
2023-02-07,30.1,21.6,240,0.0,1.57,66.1,32.1,269.7,44.1
2023-02-08,25.0,7.0,172,0.0,1.05,64.4,29.0,145.6,100.0
2023-02-09,34.4,16.5,356,20.0,0.36,95.1,37.9,302.7,100.0
2023-02-10,24.5,11.6,292,0.1,1.32,45.7,15.5,292.7,0.0
2023-02-11,22.3,12.1,225,0.0,1.81,42.0,21.6,218.6,0.0
2023-02-12,28.7,12.2,230,0.0,2.08,45.6,27.8,225.4,4.7
2023-02-13,34.3,12.0,265,0.0,2.04,45.4,27.2,280.4,0.0
2023-02-14,32.8,23.8,173,3.6,1.65,62.3,37.6,163.3,100.0
2023-02-15,33.0,26.2,239,5.8,1.47,59.9,31.5,257.1,55.1
2023-02-16,25.1,23.8,22,14.3,0.51,89.1,29.2,30.3,100.0
2023-02-17,17.0,19.9,311,0.1,1.12,58.0,10.9,282.1,0.1
2023-02-18,20.8,14.0,216,0.0,1.88,50.4,25.3,220.6,99.9
2023-02-19,37.4,16.6,227,0.0,2.45,49.4,30.9,237.4,8.1
2023-02-20,27.3,11.2,29,0.0,1.31,71.7,30.0,115.4,51.3
2023-02-21,24.5,18.0,272,0.0,1.65,47.6,14.6,241.8,95.0
2023-02-22,31.2,19.9,66,25.7,0.51,93.0,31.3,58.0,100.0
2023-02-23,24.8,19.2,263,0.3,1.28,61.0,26.7,261.3,48.3
2023-02-24,20.3,11.6,2,1.3,1.21,58.3,12.0,46.6,99.9
2023-02-25,26.3,14.4,223,0.7,1.43,58.0,23.8,234.3,21.7
2023-02-26,27.1,14.2,186,0.0,1.78,61.9,29.1,121.9,20.6
2023-02-27,34.4,21.7,168,21.2,1.56,71.4,47.3,234.0,74.4
2023-02-28,31.7,12.7,304,1.4,1.83,66.1,33.4,127.9,75.3
2023-03-01,34.9,11.9,165,4.0,1.96,63.4,40.4,258.3,44.6
2023-03-02,31.2,11.7,6,0.1,1.04,76.0,27.9,45.7,100.0
2023-03-03,31.6,17.3,41,3.0,0.51,85.6,31.6,32.4,100.0
2023-03-04,28.8,11.4,258,1.4,1.5,60.3,33.4,234.2,97.3
2023-03-05,28.4,15.7,81,2.7,1.66,72.9,32.7,86.0,54.6
2023-03-06,36.9,17.9,106,3.4,1.46,85.7,43.5,62.2,84.4
2023-03-07,33.5,14.6,25,0.1,1.77,60.4,25.6,29.5,36.7
2023-03-08,33.2,12.5,84,0.2,1.78,58.9,25.3,67.4,91.9
2023-03-09,33.8,13.8,76,9.5,1.12,72.3,27.9,62.9,100.0
2023-03-10,32.6,13.9,24,7.7,0.71,84.4,30.1,6.1,100.0
2023-03-11,32.2,10.4,58,1.7,1.04,74.1,29.2,80.8,100.0
2023-03-12,28.4,11.7,180,3.7,0.69,82.9,32.1,205.1,95.6
2023-03-13,25.4,20.6,322,1.2,0.95,66.9,20.8,353.1,93.9
2023-03-14,18.7,10.3,340,0.0,1.57,60.9,19.6,34.2,0.0
2023-03-15,23.2,14.7,191,0.0,2.41,46.0,27.6,196.7,99.9
2023-03-16,39.0,15.9,195,1.4,1.67,68.6,38.7,193.6,100.0
2023-03-17,23.8,18.2,276,2.7,1.91,45.6,17.5,273.4,1.6
2023-03-18,12.2,18.2,284,0.0,1.77,35.0,1.5,287.9,97.4
2023-03-19,18.7,14.4,253,0.0,2.77,17.4,-1.3,247.4,0.0
2023-03-20,28.3,19.5,217,0.0,3.21,37.0,22.2,215.1,94.7
2023-03-21,33.6,14.3,193,0.0,2.9,47.3,31.2,182.9,96.6
2023-03-22,38.6,13.5,185,0.6,1.69,72.3,45.5,204.7,100.0
2023-03-23,34.1,14.1,25,1.9,1.31,67.4,29.4,33.3,98.7
2023-03-24,34.2,12.3,50,0.7,1.7,64.6,29.2,53.1,100.0
2023-03-25,33.3,19.6,327,19.5,1.08,65.1,27.4,286.3,85.9
2023-03-26,29.9,12.8,354,1.7,1.4,71.3,31.7,57.4,68.9
2023-03-27,29.5,14.4,9,0.0,1.9,62.1,27.0,20.6,0.0
2023-03-28,26.6,8.0,278,0.0,2.11,65.7,34.0,112.7,55.0
2023-03-29,24.8,13.2,296,0.2,2.14,42.9,14.6,25.3,21.1
2023-03-30,25.4,17.9,133,0.0,2.18,57.0,27.8,113.1,99.6
2023-03-31,48.9,22.5,201,16.2,2.98,72.9,57.8,192.9,80.7
2023-04-01,33.9,20.4,290,0.5,1.92,58.9,27.4,338.6,81.3
2023-04-02,28.1,16.1,170,0.0,2.51,55.3,34.3,161.3,69.9
2023-04-03,40.6,14.8,35,4.4,2.25,63.1,38.9,71.8,98.0
2023-04-04,40.3,21.6,107,10.4,1.51,85.7,52.8,115.4,89.0
2023-04-05,38.9,25.8,226,6.4,3.08,55.3,44.2,246.8,73.6
2023-04-06,31.8,12.9,265,0.0,3.42,35.4,23.2,265.4,48.4
2023-04-07,35.5,9.0,52,0.0,2.57,55.6,27.6,75.3,0.0
2023-04-08,36.0,10.1,149,0.0,3.3,54.0,38.7,132.9,12.6
2023-04-09,39.1,9.4,167,0.0,4.02,38.9,36.4,161.1,86.6
2023-04-10,43.7,10.6,191,0.0,4.31,35.9,38.5,209.7,57.1
2023-04-11,49.5,15.0,232,0.0,4.67,45.3,49.9,238.1,99.6
2023-04-12,56.1,18.3,227,0.0,5.79,43.3,51.0,231.3,1.4
2023-04-13,53.3,12.2,211,0.0,5.57,38.4,49.3,212.3,53.0
2023-04-14,48.7,10.1,150,0.0,4.8,53.1,54.3,117.4,55.3
2023-04-15,60.9,15.5,193,2.2,4.72,41.4,52.7,193.5,71.9
2023-04-16,35.4,22.5,231,10.6,1.26,73.6,35.1,241.7,100.0
2023-04-17,32.1,22.2,282,3.0,1.83,51.7,23.3,289.4,99.9
2023-04-18,30.8,11.4,281,0.0,3.45,42.7,30.8,283.1,12.6
2023-04-19,39.4,13.8,83,3.2,2.36,64.4,40.9,69.0,83.7
2023-04-20,52.0,21.7,194,3.6,4.21,55.9,55.1,199.5,99.0
2023-04-21,41.5,15.8,246,0.3,3.29,41.7,35.2,228.9,88.1
2023-04-22,36.8,15.0,265,3.1,2.15,52.7,27.5,273.0,90.7
2023-04-23,35.3,10.9,286,4.0,1.71,71.6,31.8,154.4,99.6
2023-04-24,33.4,10.1,202,0.5,2.95,43.6,26.0,45.0,76.0
2023-04-25,35.0,11.2,32,5.8,1.78,71.1,33.1,24.3,17.0
2023-04-26,36.3,8.6,55,0.0,2.56,61.1,30.9,73.3,19.4
2023-04-27,34.5,10.5,125,0.0,3.89,47.9,37.9,114.9,13.3
2023-04-28,40.4,8.5,40,0.0,2.2,63.1,37.3,14.9,100.0
2023-04-29,38.1,13.6,270,5.3,2.08,67.7,43.2,278.6,90.3
2023-04-30,38.3,17.2,280,3.9,1.88,70.3,34.0,280.6,99.1
2023-05-01,38.0,19.5,303,5.5,1.14,82.6,36.9,301.3,100.0
2023-05-02,39.7,18.2,319,0.1,2.68,48.9,31.5,320.4,100.0
2023-05-03,36.7,14.7,5,0.0,3.17,68.7,37.1,58.6,19.3
2023-05-04,37.9,14.5,160,0.0,4.44,50.9,44.9,132.1,2.7
2023-05-05,51.1,14.9,161,0.0,5.62,39.9,45.6,155.9,98.6
2023-05-06,54.2,13.9,145,2.4,3.41,60.1,55.3,138.5,98.1
2023-05-07,46.9,14.2,192,2.5,3.64,97.0,63.7,71.4,95.9
2023-05-08,44.8,12.5,24,13.1,0.69,95.4,47.7,15.8,100.0
2023-05-09,45.6,9.8,29,0.0,3.31,75.9,49.0,54.4,96.3
2023-05-10,41.7,8.2,100,0.0,4.24,68.9,55.2,95.0,23.3
2023-05-11,51.3,10.1,122,0.0,5.02,56.1,54.9,103.0,85.3
2023-05-12,53.1,8.4,83,11.8,2.1,92.4,62.0,65.4,100.0
2023-05-13,51.2,11.7,19,4.2,2.48,74.1,50.3,25.4,98.0
2023-05-14,48.5,13.4,43,0.0,2.1,64.3,42.8,35.9,100.0
2023-05-15,46.4,10.3,34,0.0,3.64,48.9,36.9,30.7,100.0
2023-05-16,45.2,18.6,311,0.0,5.19,37.9,46.1,296.9,86.6
2023-05-17,44.0,15.6,24,0.0,3.64,66.7,42.4,31.6,0.0
2023-05-18,43.1,12.1,138,0.0,5.09,40.7,40.4,121.1,59.6
2023-05-19,54.2,13.8,252,4.6,4.54,53.3,53.1,290.6,87.0
2023-05-20,47.1,10.9,5,0.0,4.41,57.3,45.2,77.0,0.0
2023-05-21,53.6,10.8,172,0.0,5.67,42.6,47.1,100.7,3.0
2023-05-22,53.1,12.3,107,0.0,5.31,50.6,50.5,93.9,37.9
2023-05-23,57.9,11.5,121,0.0,5.66,43.9,51.5,102.0,3.9
2023-05-24,47.1,16.0,14,0.0,3.52,70.9,46.4,11.4,73.0
2023-05-25,46.2,13.9,47,0.0,4.31,50.7,35.8,29.0,0.0
2023-05-26,47.1,10.1,34,0.0,4.69,42.4,37.5,30.3,0.0
2023-05-27,46.7,9.7,47,0.0,4.88,43.9,42.3,38.6,99.7
2023-05-28,50.6,8.2,42,0.0,5.2,38.7,43.7,41.2,83.7
2023-05-29,51.7,7.8,37,0.0,5.03,43.9,47.2,44.9,73.1
2023-05-30,55.0,8.7,59,0.0,5.29,44.1,52.3,59.7,61.9
2023-05-31,59.6,11.1,138,4.9,5.14,58.7,63.9,129.5,41.9
2023-06-01,63.1,11.1,124,0.0,5.55,52.0,61.2,98.7,28.0
2023-06-02,58.7,9.4,33,0.0,5.51,53.7,58.8,36.8,47.1
2023-06-03,59.0,11.8,20,0.0,5.15,62.0,57.7,25.4,94.3
2023-06-04,58.0,10.5,41,0.0,5.52,42.3,46.5,29.7,0.0
2023-06-05,53.3,9.2,28,0.0,5.01,44.3,51.8,53.8,0.0
2023-06-06,56.6,12.0,12,0.8,3.49,73.9,55.2,20.9,99.7
2023-06-07,55.5,13.0,18,0.0,4.71,63.3,50.2,29.6,0.0
2023-06-08,53.3,10.8,22,0.0,4.85,51.6,46.6,41.6,0.1
2023-06-09,54.6,11.0,88,0.0,5.74,40.4,46.6,103.5,31.1
2023-06-10,58.9,12.1,203,0.0,6.42,30.7,46.2,147.5,70.3
2023-06-11,50.9,19.9,8,4.0,1.78,81.7,49.9,5.9,85.0
2023-06-12,48.0,16.4,346,0.7,4.01,50.0,42.9,120.8,95.6
2023-06-13,53.5,18.3,293,10.0,2.33,75.0,55.5,280.6,100.0
2023-06-14,55.9,8.1,95,0.1,3.23,74.3,57.8,104.1,26.9
2023-06-15,52.4,14.6,19,0.0,3.99,76.6,53.0,30.6,70.4
2023-06-16,52.5,13.1,16,0.0,3.01,76.7,52.9,15.0,31.3
2023-06-17,50.7,8.5,77,0.0,5.06,57.6,55.2,90.0,75.4
2023-06-18,57.8,12.3,106,0.0,5.51,55.9,58.2,90.1,96.4
2023-06-19,60.9,10.5,47,0.0,5.45,57.3,58.4,31.0,42.3
2023-06-20,58.6,13.1,22,0.0,5.06,60.0,55.5,18.0,0.0
2023-06-21,58.3,11.8,34,0.0,5.14,63.9,63.1,32.7,9.4
2023-06-22,62.2,10.0,42,0.0,5.26,57.7,58.5,35.7,12.3
2023-06-23,60.1,9.2,24,0.0,5.02,58.3,59.1,38.4,3.6
2023-06-24,60.5,11.7,122,0.0,6.06,48.4,59.6,102.6,49.1
2023-06-25,66.8,19.6,212,4.4,5.97,53.3,60.2,240.9,58.0
2023-06-26,66.4,14.1,302,3.4,3.68,64.4,61.1,324.7,89.4
2023-06-27,59.3,13.0,12,0.0,4.46,64.3,56.0,35.7,20.9
2023-06-28,56.0,9.6,112,0.3,5.07,51.9,57.2,99.1,34.7
2023-06-29,65.2,12.3,165,23.4,4.45,69.1,70.5,142.3,99.9
2023-06-30,70.3,10.9,172,0.6,4.63,60.3,68.1,121.8,99.1
2023-07-01,68.0,5.1,217,15.7,2.19,78.1,69.2,233.2,94.0
2023-07-02,62.3,17.0,14,71.2,0.7,97.3,62.2,9.0,100.0
2023-07-03,62.3,10.3,21,0.0,5.12,67.0,63.8,72.8,18.6
2023-07-04,65.5,9.8,193,0.0,5.82,49.3,64.8,150.5,16.1
2023-07-05,70.1,16.8,185,26.8,4.68,70.4,71.3,162.4,75.4
2023-07-06,63.9,10.6,21,0.9,3.87,73.6,61.5,38.0,77.1
2023-07-07,61.9,8.9,43,0.3,4.59,62.0,59.2,62.6,59.4
2023-07-08,63.2,10.2,17,6.8,3.26,68.1,56.9,22.6,42.6
2023-07-09,60.1,9.0,314,0.2,5.07,47.6,56.2,28.0,52.9
2023-07-10,62.3,12.5,230,0.0,6.66,38.7,56.9,225.7,2.4
2023-07-11,64.5,13.4,280,2.8,4.5,76.0,61.4,41.3,69.6
2023-07-12,61.2,24.0,116,23.7,2.09,89.1,68.1,122.6,99.3
2023-07-13,59.9,9.7,177,0.1,3.46,75.6,62.9,116.4,81.9
2023-07-14,66.9,14.9,230,2.0,4.81,51.4,65.9,245.6,79.7
2023-07-15,68.9,9.0,251,4.5,4.78,59.4,66.7,246.1,38.1
2023-07-16,65.3,12.4,266,0.0,6.05,39.0,53.8,275.7,71.4
2023-07-17,64.1,10.6,258,0.0,5.45,50.0,54.5,145.4,44.0
2023-07-18,61.7,8.7,43,0.0,4.58,60.9,58.6,80.8,26.0
2023-07-19,58.7,8.2,120,0.0,5.29,55.7,60.8,101.9,18.7
2023-07-20,66.7,14.8,278,1.0,6.0,45.7,59.7,297.8,8.7
2023-07-21,64.1,11.7,26,0.0,4.91,55.1,57.7,47.1,54.6
2023-07-22,63.2,8.2,241,0.5,5.31,38.1,53.8,157.5,32.7
2023-07-23,63.7,7.0,166,0.2,5.15,58.9,63.4,103.6,21.9
2023-07-24,66.0,7.7,84,0.0,5.18,57.0,63.2,66.7,24.3
2023-07-25,64.8,9.1,147,0.0,5.62,52.1,65.0,112.9,38.6
2023-07-26,73.1,14.2,204,2.6,4.27,63.7,73.0,243.8,68.4
2023-07-27,68.5,7.8,104,0.0,5.21,67.3,71.3,99.0,20.1
2023-07-28,71.1,20.5,178,21.3,4.62,72.6,74.2,61.3,84.7
2023-07-29,67.7,11.3,14,1.0,4.23,70.4,62.5,38.1,50.9
2023-07-30,63.9,10.5,29,0.0,4.41,64.7,60.2,41.1,11.6
2023-07-31,61.1,10.3,112,0.2,4.92,51.7,57.2,93.0,19.3
2023-08-01,63.3,9.2,185,0.8,5.02,48.3,59.9,164.9,89.0
2023-08-02,65.1,8.4,188,0.0,5.51,47.4,60.8,169.2,99.7
2023-08-03,64.4,10.3,173,0.0,5.19,59.3,66.9,120.3,49.9
2023-08-04,68.6,11.0,29,0.0,4.77,64.7,63.8,40.1,69.1
2023-08-05,67.6,12.2,56,9.8,1.38,87.7,68.6,59.3,100.0
2023-08-06,65.8,13.4,31,7.5,2.56,78.9,62.7,16.4,81.4
2023-08-07,65.5,12.2,24,0.8,3.3,68.0,61.6,26.3,81.7
2023-08-08,63.1,7.6,260,0.1,4.89,43.7,56.8,285.4,55.9
2023-08-09,63.9,7.9,235,0.0,3.52,48.4,58.4,228.8,100.0
2023-08-10,63.0,8.3,272,1.8,4.78,51.9,61.7,326.0,58.3
2023-08-11,67.6,15.9,222,3.6,3.42,73.6,67.7,208.1,57.1
2023-08-12,69.2,11.5,290,1.0,5.0,48.3,60.1,342.6,8.4
2023-08-13,64.4,10.4,17,1.7,3.09,80.1,64.4,55.6,100.0
2023-08-14,62.8,13.7,52,24.9,1.73,90.6,66.0,54.8,99.4
2023-08-15,62.5,15.8,356,2.8,3.31,70.0,59.9,8.3,23.0
2023-08-16,58.2,13.4,216,0.0,5.21,49.6,58.7,214.3,9.3
2023-08-17,64.1,17.0,269,16.5,5.24,44.9,52.9,303.8,23.4
2023-08-18,58.0,8.9,202,0.0,4.82,47.4,52.1,104.3,67.0
2023-08-19,60.8,13.2,182,0.1,4.79,57.0,62.7,177.9,27.9
2023-08-20,68.9,9.8,34,0.0,4.56,75.4,73.4,59.2,33.4
2023-08-21,67.4,12.3,26,0.0,4.02,75.9,64.3,22.7,91.1
2023-08-22,67.1,9.9,107,0.0,4.2,75.6,70.9,107.0,4.0
2023-08-23,76.6,14.1,236,0.0,5.95,50.9,75.2,241.8,54.3
2023-08-24,75.2,19.0,253,14.4,5.74,55.9,75.8,233.4,30.0
2023-08-25,69.4,12.2,34,0.0,2.71,80.0,66.1,45.3,82.6
2023-08-26,62.5,18.6,17,2.8,2.4,80.1,62.2,17.0,52.1
2023-08-27,62.1,11.4,42,0.0,4.23,57.1,53.2,36.0,0.0
2023-08-28,60.7,7.3,112,0.0,4.42,46.4,52.4,99.4,7.4
2023-08-29,63.3,14.9,292,0.3,4.66,55.6,61.6,333.6,35.6
2023-08-30,59.7,16.0,13,0.3,3.37,64.1,51.2,18.3,48.7
2023-08-31,59.4,8.1,85,0.0,4.25,45.4,48.8,89.3,0.0
2023-09-01,58.3,9.7,161,0.0,4.76,49.7,57.9,145.8,0.0
2023-09-02,63.2,13.0,217,0.0,5.76,35.9,55.8,213.9,93.0
2023-09-03,69.4,14.3,226,0.0,7.02,33.3,58.6,226.0,4.4
2023-09-04,71.3,10.2,195,0.0,5.49,42.7,64.3,180.4,27.4
2023-09-05,75.2,15.3,188,0.0,5.39,47.9,65.7,181.1,96.0
2023-09-06,68.9,16.3,227,8.5,4.39,51.0,61.5,245.6,39.9
2023-09-07,64.2,12.4,350,0.3,2.4,69.7,57.3,24.7,88.3
2023-09-08,61.6,12.2,7,5.1,1.42,77.3,56.8,16.7,99.1
2023-09-09,59.0,9.6,23,0.0,3.65,57.0,52.4,30.4,0.4
2023-09-10,56.0,9.7,122,3.2,3.76,58.6,58.4,112.3,25.7
2023-09-11,61.4,10.8,349,23.2,1.07,86.7,60.8,2.1,100.0
2023-09-12,56.1,11.5,5,0.6,2.91,65.9,52.5,35.1,11.3
2023-09-13,53.5,10.8,27,3.6,2.77,66.9,51.7,26.0,26.4
2023-09-14,52.4,6.8,64,0.5,3.05,58.9,52.3,87.0,37.7
2023-09-15,52.4,8.0,168,0.0,3.9,49.1,51.8,134.0,0.0
2023-09-16,58.3,8.3,211,10.6,1.19,87.3,59.1,188.3,100.0
2023-09-17,58.3,15.7,9,20.8,1.51,80.9,56.4,17.3,44.6
2023-09-18,54.9,7.2,45,0.4,2.58,71.7,54.6,75.7,40.1
2023-09-19,57.0,13.5,174,8.0,1.51,82.1,58.7,153.0,100.0
2023-09-20,60.8,11.4,178,0.0,2.83,57.7,59.4,162.7,99.9
2023-09-21,63.4,9.1,105,1.9,2.02,76.3,62.8,87.6,97.7
2023-09-22,63.2,8.6,125,0.6,2.31,69.4,62.5,115.1,86.0
2023-09-23,63.2,13.6,116,0.0,4.02,63.3,57.4,90.4,40.1
2023-09-24,57.9,13.2,114,0.0,3.41,68.9,58.3,100.0,81.0
2023-09-25,62.2,12.0,109,4.3,2.8,75.1,61.2,80.1,41.0
2023-09-26,62.3,13.9,120,26.3,1.76,83.4,62.4,102.5,82.7
2023-09-27,62.7,12.9,107,3.8,1.81,83.1,60.8,96.0,68.6
2023-09-28,61.0,8.9,44,0.7,2.24,78.3,59.2,32.4,40.7
2023-09-29,56.1,9.0,134,0.1,2.37,74.4,60.7,117.4,32.0
2023-09-30,57.9,9.4,157,0.0,3.1,68.6,64.8,140.9,0.0
2023-10-01,61.0,7.0,152,0.0,3.16,67.4,64.5,121.3,0.0
2023-10-02,60.6,8.3,160,0.0,3.42,61.1,64.0,144.4,42.0
2023-10-03,60.6,10.5,177,0.0,4.1,47.9,58.8,171.7,0.6
2023-10-04,70.2,18.6,200,0.0,4.78,46.4,57.8,209.2,90.0
2023-10-05,61.1,13.5,229,4.3,1.78,71.0,57.5,4.7,75.6
2023-10-06,46.6,19.3,264,0.3,2.6,54.6,37.5,264.0,76.0
2023-10-07,45.1,14.2,304,0.0,3.09,41.0,32.2,307.6,31.3
2023-10-08,44.8,8.9,296,0.1,2.04,46.6,33.6,308.5,100.0
2023-10-09,43.1,13.2,299,0.0,2.58,41.4,30.4,291.6,66.6
2023-10-10,42.1,10.3,269,0.0,2.85,39.4,33.2,270.3,45.9
2023-10-11,41.0,7.7,219,3.5,2.42,38.6,35.7,198.1,78.3
2023-10-12,54.2,14.3,78,2.4,1.15,82.1,52.2,72.9,98.9
2023-10-13,54.3,17.1,97,11.7,0.86,91.3,53.5,96.7,100.0
2023-10-14,51.7,22.0,42,23.5,1.22,76.3,46.7,26.7,84.6
2023-10-15,45.6,15.0,347,1.8,2.34,52.6,39.0,352.4,45.6
2023-10-16,43.4,15.8,357,1.0,1.38,72.6,44.3,18.1,77.7
2023-10-17,39.2,7.7,235,0.0,2.13,56.9,42.9,240.1,36.6
2023-10-18,45.3,16.1,185,1.5,2.57,58.4,48.4,176.0,92.7
2023-10-19,53.0,12.0,236,6.1,1.26,74.6,51.0,261.1,95.9
2023-10-20,47.0,14.9,309,1.4,1.75,57.6,41.8,318.9,28.7
2023-10-21,42.4,16.9,326,6.6,1.73,72.4,50.0,344.8,90.3
2023-10-22,40.6,12.8,348,0.0,1.79,65.3,39.8,53.8,28.9
2023-10-23,42.8,17.7,174,0.0,2.49,59.1,45.1,163.1,61.9
2023-10-24,58.5,15.8,205,0.0,3.69,60.6,59.8,200.3,41.6
2023-10-25,59.9,13.7,204,4.8,1.25,83.1,59.2,216.0,100.0
2023-10-26,62.8,17.5,201,13.4,1.09,87.4,61.3,199.6,94.0
2023-10-27,46.4,15.6,239,2.9,1.36,81.3,61.7,245.0,83.0
2023-10-28,39.7,12.2,3,0.4,1.5,62.7,35.8,30.7,99.9
2023-10-29,38.9,15.7,7,5.2,0.82,79.4,39.8,2.0,100.0
2023-10-30,30.8,12.9,303,0.0,1.86,41.9,17.4,288.6,4.0
2023-10-31,28.1,19.6,278,2.5,1.4,50.4,19.2,285.9,77.6
2023-11-01,27.2,12.3,257,0.0,1.55,49.3,22.2,232.0,56.9
2023-11-02,32.4,13.1,208,0.0,2.09,51.3,31.4,209.4,66.7
2023-11-03,43.9,14.0,211,0.3,1.92,53.3,35.8,212.0,100.0
2023-11-04,39.6,10.7,10,0.3,1.25,75.1,43.1,19.6,24.6
2023-11-05,34.9,12.6,206,0.0,1.62,59.6,41.1,202.8,94.1
2023-11-06,50.4,21.3,230,5.2,3.03,61.6,51.9,249.6,47.4
2023-11-07,41.7,13.2,15,0.0,1.68,68.3,38.8,40.3,95.7
2023-11-08,46.7,16.8,103,14.3,0.69,90.9,51.0,59.7,97.1
2023-11-09,39.6,14.8,271,0.0,2.13,40.4,28.3,257.6,10.3
2023-11-10,38.3,12.0,291,0.0,1.74,52.7,28.4,303.1,69.1
2023-11-11,31.1,7.8,225,0.0,1.36,59.7,33.5,192.2,40.6
2023-11-12,40.5,13.5,187,0.0,2.28,52.3,34.3,185.6,3.0
2023-11-13,42.2,13.2,273,0.0,2.39,43.1,33.5,288.1,0.0
2023-11-14,33.6,11.6,204,0.0,2.0,45.4,33.1,195.3,1.0
2023-11-15,42.9,11.4,225,0.0,2.21,56.3,42.1,231.9,0.0
2023-11-16,41.8,17.5,203,0.0,2.12,62.9,47.6,199.0,99.1
2023-11-17,36.8,15.5,332,0.8,1.55,60.9,32.2,9.8,35.1
2023-11-18,30.1,11.5,243,0.0,1.73,40.7,25.2,238.3,0.0
2023-11-19,38.7,8.8,22,0.0,1.29,70.3,38.5,56.6,40.6
2023-11-20,42.9,15.0,90,2.5,1.15,70.7,36.5,83.0,100.0
2023-11-21,39.2,14.0,354,14.6,0.5,83.1,35.2,317.0,100.0
2023-11-22,35.5,11.7,267,0.0,1.12,60.6,31.0,242.6,39.9
2023-11-23,33.7,12.9,318,0.0,1.48,62.4,30.5,10.4,50.9
2023-11-24,26.7,14.5,349,0.0,1.12,61.0,19.3,6.6,97.7
2023-11-25,28.6,7.4,257,0.0,0.82,58.0,20.9,185.1,76.3
2023-11-26,28.5,15.0,254,4.6,0.53,81.4,28.7,252.5,100.0
2023-11-27,17.9,15.9,276,0.0,1.14,48.7,9.2,272.7,42.9
2023-11-28,13.8,13.5,270,0.0,1.11,37.7,1.1,250.2,80.1
2023-11-29,19.1,12.7,232,0.0,1.33,52.0,23.2,244.3,0.4
2023-11-30,31.4,14.8,224,0.0,1.19,66.9,37.3,228.3,70.6
2023-12-01,37.1,12.4,41,16.3,0.29,92.6,39.6,30.6,100.0
2023-12-02,38.8,8.3,34,0.4,0.46,79.7,35.6,70.5,100.0
2023-12-03,35.2,11.9,259,8.9,0.33,88.0,35.0,271.3,100.0
2023-12-04,31.1,7.3,302,0.0,0.78,62.3,26.8,292.3,82.4
2023-12-05,32.1,11.9,5,3.1,0.48,80.0,33.3,14.6,99.9
2023-12-06,29.3,15.8,245,0.0,0.86,67.1,26.8,226.9,99.7
2023-12-07,34.4,16.8,208,0.0,1.32,66.9,37.7,200.5,3.6
2023-12-08,45.5,16.4,205,0.1,1.6,71.6,44.9,212.4,93.9
2023-12-09,36.4,16.6,229,2.4,1.54,58.4,32.6,243.7,32.9
2023-12-10,28.9,15.6,283,0.0,1.0,62.7,23.7,301.9,99.0
2023-12-11,26.1,11.8,236,0.0,0.81,63.3,21.7,223.4,12.4
2023-12-12,27.2,12.9,262,0.0,1.15,52.1,18.9,279.3,24.4
2023-12-13,23.4,9.3,246,0.0,1.25,39.3,13.7,226.7,12.6
2023-12-14,30.4,10.0,233,0.0,1.33,60.3,32.2,228.0,0.0
2023-12-15,34.4,8.9,201,0.0,1.28,55.1,32.7,192.2,94.0
2023-12-16,39.9,12.2,156,8.1,0.68,89.9,38.7,154.0,99.6
2023-12-17,36.2,11.4,244,0.0,0.52,80.9,37.4,254.3,100.0
2023-12-18,21.4,20.6,311,0.2,1.4,41.7,8.8,320.0,21.3
2023-12-19,18.7,12.7,224,0.0,1.32,30.6,3.3,205.0,66.6
2023-12-20,27.2,10.7,172,0.0,1.08,58.7,24.8,145.8,23.3
2023-12-21,32.6,6.5,108,0.7,0.39,77.4,33.7,106.9,100.0
2023-12-22,39.5,6.7,158,10.6,0.32,89.1,41.2,163.9,100.0
2023-12-23,41.6,5.2,106,1.8,0.36,96.6,44.1,75.1,100.0
2023-12-24,43.9,12.9,148,0.0,0.56,90.4,48.8,135.7,85.0
2023-12-25,47.4,17.2,132,8.7,0.58,83.1,45.5,123.4,100.0
2023-12-26,32.2,14.3,204,0.8,0.53,69.9,31.6,204.7,82.9
2023-12-27,29.9,13.7,30,0.1,0.7,74.3,31.8,26.6,96.0
2023-12-28,36.2,15.2,353,4.1,0.33,95.9,38.2,354.0,100.0
2023-12-29,30.7,15.0,351,5.0,0.33,84.9,34.1,337.1,94.7
2023-12-30,27.2,9.7,237,0.0,0.77,69.9,31.1,222.1,15.1
2023-12-31,29.4,16.5,301,2.9,0.52,75.1,26.3,314.9,100.0
2024-01-01,26.8,16.1,310,0.2,0.94,58.3,19.3,276.4,21.4
2024-01-02,23.5,14.6,236,0.0,0.8,64.7,24.5,233.0,95.9
2024-01-03,30.2,8.9,294,0.1,0.62,64.3,24.3,312.0,100.0
2024-01-04,22.7,10.7,327,0.0,0.86,51.4,15.6,70.0,17.6
2024-01-05,22.1,9.3,170,0.0,0.75,65.0,24.0,160.1,95.6
2024-01-06,30.8,8.7,158,5.8,0.29,86.9,29.0,222.0,100.0
2024-01-07,26.7,9.9,272,0.5,0.61,69.3,25.4,276.3,93.7
2024-01-08,24.8,14.3,141,0.1,0.71,69.7,27.1,141.4,100.0
2024-01-09,33.4,18.9,64,29.7,0.14,99.4,33.8,49.5,100.0
2024-01-10,28.1,18.8,268,1.1,0.64,75.0,24.3,240.1,100.0
2024-01-11,23.8,13.4,237,0.8,0.65,69.7,23.8,256.5,67.0
2024-01-12,29.7,25.7,108,22.5,0.26,95.9,34.2,115.3,100.0
2024-01-13,3.4,20.2,276,3.1,0.6,71.3,14.9,267.8,99.4
2024-01-14,-10.7,18.1,249,0.7,0.3,62.4,-17.2,247.3,7.7
2024-01-15,-13.4,13.4,247,0.0,0.34,56.3,-13.0,252.3,100.0
2024-01-16,-8.0,18.3,246,0.0,0.4,56.0,-12.3,243.1,2.9
2024-01-17,0.1,16.8,237,0.1,0.62,58.0,2.5,240.3,73.6
2024-01-18,12.4,11.1,329,1.1,0.71,50.6,6.4,5.5,91.4
2024-01-19,7.0,15.0,306,3.2,0.52,62.9,1.3,294.4,100.0
2024-01-20,5.4,13.4,305,0.0,0.63,57.1,2.6,305.4,0.0
2024-01-21,-0.7,13.8,203,0.0,0.68,54.7,4.7,191.4,55.6
2024-01-22,18.1,14.0,204,0.8,0.7,81.3,26.8,214.1,100.0
2024-01-23,31.2,7.3,132,11.0,0.24,94.6,33.1,85.3,100.0
2024-01-24,31.4,8.4,33,5.2,0.25,98.1,35.2,31.8,100.0
2024-01-25,32.6,12.2,17,6.1,0.41,95.6,36.1,21.7,100.0
2024-01-26,34.4,13.2,357,14.1,0.25,96.0,35.9,350.8,100.0
2024-01-27,32.6,12.3,2,1.4,0.34,96.9,35.5,17.1,100.0
2024-01-28,32.6,16.7,355,2.0,0.49,80.6,31.1,2.1,97.1
2024-01-29,26.6,13.2,230,0.0,0.98,72.7,33.1,217.4,12.4
2024-01-30,31.0,12.0,299,1.6,0.61,78.6,32.4,346.7,98.9
2024-01-31,28.6,12.8,244,0.0,1.13,66.9,33.2,231.9,0.3
2024-02-01,34.0,12.4,301,0.0,1.15,79.1,38.1,356.1,1.6
2024-02-02,31.6,12.0,41,0.0,0.63,84.0,31.3,46.0,94.4
2024-02-03,27.7,8.3,97,0.0,0.93,79.0,30.2,83.0,0.0
2024-02-04,30.8,10.6,41,0.0,0.92,82.0,31.7,27.3,1.0
2024-02-05,30.7,12.5,6,0.0,0.7,81.3,30.5,11.3,67.0
2024-02-06,29.2,7.8,136,0.0,1.09,78.7,36.4,149.5,40.3
2024-02-07,28.4,12.8,173,0.0,1.02,69.4,34.6,163.9,100.0
2024-02-08,39.0,20.2,189,0.0,2.3,60.9,42.8,189.0,62.6
2024-02-09,37.0,18.1,239,0.0,2.12,51.7,35.5,238.3,37.6
2024-02-10,27.7,10.2,294,0.0,1.26,54.9,24.4,294.9,52.0
2024-02-11,25.1,6.8,323,0.0,1.12,58.1,24.1,326.8,42.9
2024-02-12,23.8,7.7,253,0.0,1.5,44.1,21.2,240.2,46.6
2024-02-13,27.5,9.4,334,0.0,1.32,54.3,21.8,353.2,56.7
2024-02-14,25.4,12.2,154,0.0,1.53,55.6,26.4,153.8,69.7
2024-02-15,29.1,17.9,287,6.7,1.71,43.7,19.0,304.0,10.6
2024-02-16,26.3,14.3,322,0.6,1.17,49.4,13.3,320.6,100.0
2024-02-17,13.3,19.2,268,0.0,1.74,28.1,-1.9,249.3,18.9
2024-02-18,24.8,18.0,262,0.0,2.21,31.9,13.4,276.4,0.7
2024-02-19,20.5,7.6,175,0.0,1.64,38.0,18.3,142.7,99.7
2024-02-20,26.7,12.9,186,0.0,2.23,45.4,31.0,183.6,46.1
2024-02-21,38.9,15.0,218,0.3,2.21,55.3,41.0,228.4,99.3
2024-02-22,37.6,8.7,359,0.0,1.46,69.0,37.4,33.2,97.7
2024-02-23,28.0,20.5,351,2.3,1.71,69.0,29.7,17.6,67.3
2024-02-24,24.2,19.9,26,0.5,1.58,55.7,16.1,115.7,52.7
2024-02-25,29.1,14.0,218,0.0,2.29,52.3,36.0,230.7,31.6
2024-02-26,35.9,14.1,144,0.0,2.49,61.0,44.7,158.2,56.7
2024-02-27,50.7,18.8,195,0.8,2.42,66.4,57.2,201.7,66.9
2024-02-28,20.8,20.2,293,0.7,1.77,35.9,4.1,291.7,0.1
2024-02-29,20.5,14.3,216,0.0,2.4,22.7,3.7,195.3,29.7
2024-03-01,29.6,14.0,188,0.0,1.81,46.4,22.8,189.9,96.9
2024-03-02,29.9,12.5,182,0.0,2.2,57.4,39.1,175.1,0.0
2024-03-03,41.0,20.5,169,0.0,3.18,57.9,48.1,163.3,92.6
2024-03-04,42.3,17.9,195,3.0,2.41,68.4,56.2,177.0,79.1
2024-03-05,37.8,18.9,4,4.0,1.27,73.1,33.2,4.1,64.4
2024-03-06,37.0,14.0,9,0.0,1.53,72.1,32.7,11.7,0.9
2024-03-07,34.2,12.3,81,0.0,1.59,76.7,36.7,79.4,93.3
2024-03-08,39.5,15.6,43,25.5,0.32,97.7,40.6,37.1,100.0
2024-03-09,33.4,13.7,316,0.1,2.15,44.1,22.9,307.3,15.0
2024-03-10,28.1,15.0,321,0.0,2.37,36.3,17.6,340.4,0.0
2024-03-11,30.7,18.1,223,0.0,3.57,44.7,37.7,221.1,58.9
2024-03-12,47.4,16.6,229,0.0,3.9,50.4,45.6,223.0,99.9
2024-03-13,44.3,13.2,360,3.9,2.47,74.0,43.9,28.3,84.6
2024-03-14,39.4,19.3,20,24.1,1.05,88.6,47.0,346.0,98.9
2024-03-15,35.8,16.4,14,0.0,1.85,73.3,34.5,55.3,0.0
2024-03-16,36.3,21.8,252,0.0,2.98,43.6,33.0,269.3,68.6
2024-03-17,29.8,14.0,307,0.0,2.06,41.6,14.5,302.9,93.1
2024-03-18,23.9,11.3,309,0.0,1.9,43.7,16.3,310.4,96.7
2024-03-19,28.4,19.0,252,0.0,2.99,41.4,28.9,279.2,73.3
2024-03-20,28.5,15.7,322,0.0,2.48,34.6,12.2,326.3,23.9
2024-03-21,25.0,10.3,69,0.0,1.7,51.1,18.9,68.3,84.1
2024-03-22,31.9,13.2,64,6.5,1.11,80.6,28.8,36.7,100.0
2024-03-23,25.3,13.2,13,0.6,1.63,53.6,16.4,38.2,22.1
2024-03-24,30.2,17.8,125,0.0,1.86,60.0,28.3,120.1,100.0
2024-03-25,40.8,20.2,163,13.5,2.03,76.0,48.0,169.9,100.0
2024-03-26,32.7,23.8,209,8.8,1.87,65.0,37.2,227.3,98.3
2024-03-27,28.5,16.1,256,0.0,2.69,41.3,20.1,250.1,12.9
2024-03-28,27.1,14.6,258,0.0,2.61,41.7,26.7,263.3,16.1
2024-03-29,29.7,9.4,60,0.1,2.23,53.0,26.6,88.4,99.7
2024-03-30,37.3,13.8,61,4.9,2.19,79.7,43.6,16.2,69.0
2024-03-31,35.6,13.0,45,7.5,1.66,81.6,37.4,50.7,99.3
2024-04-01,39.0,14.7,49,21.1,1.37,81.1,39.0,48.7,99.6
2024-04-02,36.0,20.1,36,10.3,0.74,92.1,44.2,70.2,92.9
2024-04-03,34.6,17.9,290,9.2,0.65,89.0,33.7,305.2,100.0
2024-04-04,34.1,19.7,338,3.8,0.95,80.1,33.3,353.5,86.7
2024-04-05,33.2,15.8,358,0.0,2.33,50.9,26.3,15.0,0.4
2024-04-06,32.6,9.9,25,0.0,2.42,66.3,33.6,43.7,13.6
2024-04-07,36.7,16.9,125,9.7,1.29,77.1,40.4,121.1,92.6
2024-04-08,45.5,15.4,201,0.0,4.45,41.4,43.9,219.7,0.0
2024-04-09,47.0,12.1,244,0.1,4.1,47.0,40.9,252.2,24.6
2024-04-10,40.7,9.4,132,0.0,3.24,54.6,42.8,111.3,100.0
2024-04-11,44.9,9.9,12,5.3,1.02,82.7,45.6,353.4,100.0
2024-04-12,46.0,20.3,310,4.3,3.39,51.4,39.7,319.7,45.3
2024-04-13,41.1,17.1,236,0.0,4.71,41.1,39.8,201.5,26.6
2024-04-14,52.5,17.7,228,0.0,5.05,64.9,53.4,60.6,0.4
2024-04-15,44.3,13.0,54,0.0,4.14,50.3,45.0,96.7,12.0
2024-04-16,46.7,19.1,111,1.6,3.38,66.9,51.3,113.5,100.0
2024-04-17,53.8,22.5,233,2.5,3.56,57.6,48.7,252.9,83.4
2024-04-18,45.0,9.4,7,6.3,2.21,69.7,43.0,77.2,99.0
2024-04-19,39.9,18.4,287,0.0,4.15,32.9,25.6,270.3,32.0
2024-04-20,34.1,13.1,288,0.0,2.77,44.7,23.7,283.1,100.0
2024-04-21,31.7,10.0,280,0.0,3.5,38.1,29.0,310.2,43.1
2024-04-22,38.6,15.7,221,0.0,4.82,32.6,32.2,219.4,91.0
2024-04-23,42.5,16.6,239,1.3,4.13,49.9,43.5,246.3,73.1
2024-04-24,32.4,17.7,15,0.0,2.26,62.4,28.6,20.9,10.9
2024-04-25,31.5,9.2,81,0.0,3.05,63.3,37.4,79.4,3.0
2024-04-26,41.6,17.6,132,2.1,2.41,66.6,43.9,128.9,100.0
2024-04-27,60.3,23.6,207,5.3,3.67,62.1,61.9,222.8,72.9
2024-04-28,59.9,19.7,198,4.7,3.09,68.7,60.9,180.2,100.0
2024-04-29,56.9,17.7,218,7.4,3.51,56.7,54.3,219.0,100.0
2024-04-30,46.6,10.1,219,0.0,4.47,55.4,51.6,208.6,0.0
2024-05-01,55.6,16.4,235,0.3,5.22,37.4,43.9,271.6,84.7
2024-05-02,49.9,15.5,129,3.3,3.49,67.3,59.7,145.5,99.7
2024-05-03,46.8,10.2,13,5.0,3.0,71.6,49.9,41.1,53.1
2024-05-04,45.6,12.7,114,1.7,3.48,83.3,64.3,123.1,86.4
2024-05-05,45.0,11.3,10,0.0,3.5,70.1,44.7,42.0,56.1
2024-05-06,45.7,12.4,66,0.0,3.71,75.3,52.9,49.0,13.9
2024-05-07,54.2,14.3,165,19.4,2.51,83.0,62.2,211.4,78.4
2024-05-08,53.5,10.6,61,0.0,5.17,49.3,49.3,82.0,11.4
2024-05-09,47.0,12.9,34,19.4,1.31,88.6,49.0,18.2,99.9
2024-05-10,45.9,11.6,273,0.1,3.74,50.9,45.4,233.2,68.6
2024-05-11,49.7,16.3,304,0.7,3.65,60.4,44.9,49.4,62.0
2024-05-12,45.3,13.6,212,2.1,5.32,47.0,52.9,207.1,30.9
2024-05-13,55.8,14.2,221,12.6,4.99,62.0,58.9,214.4,99.6
2024-05-14,48.3,15.7,10,10.3,2.08,81.6,48.5,10.0,88.7
2024-05-15,48.9,12.6,16,0.0,3.55,68.4,45.7,15.0,8.3
2024-05-16,47.2,13.3,202,1.9,3.58,70.1,59.9,207.2,99.9
2024-05-17,52.2,8.2,75,0.0,3.8,93.9,61.4,59.3,76.6
2024-05-18,51.9,8.9,170,0.2,5.07,58.6,62.8,172.6,24.4
2024-05-19,53.5,11.9,17,0.0,4.75,64.0,51.7,35.4,60.6
2024-05-20,53.9,21.2,198,1.0,4.0,62.3,64.4,197.9,91.7
2024-05-21,56.8,22.0,164,0.1,5.97,53.0,64.2,170.2,88.9
2024-05-22,60.5,22.5,245,0.0,6.09,46.4,50.1,256.4,4.4
2024-05-23,55.2,12.5,139,0.0,5.38,46.0,49.8,100.4,40.6
2024-05-24,60.7,16.1,170,2.4,3.82,77.0,65.3,160.1,100.0
2024-05-25,55.8,10.1,316,0.0,5.05,49.0,46.7,90.2,3.1
2024-05-26,57.6,14.7,146,19.2,1.97,91.1,62.1,138.6,90.6
2024-05-27,56.3,16.3,296,0.6,3.45,54.0,52.1,303.1,77.1
2024-05-28,53.6,13.5,305,7.8,3.79,67.0,53.7,304.8,79.7
2024-05-29,51.1,13.7,2,5.6,3.6,65.4,46.9,15.0,10.0
2024-05-30,48.9,9.1,24,0.0,4.51,55.6,44.7,34.3,0.0
2024-05-31,49.6,10.3,133,0.0,5.33,50.1,53.0,122.9,99.7
2024-06-01,58.4,11.9,157,16.7,1.88,91.7,61.9,143.8,98.3
2024-06-02,56.3,8.4,38,0.0,4.23,70.1,58.9,86.8,58.9
2024-06-03,54.2,11.3,166,0.0,5.14,59.6,65.3,172.4,86.0
2024-06-04,67.7,13.3,156,3.2,4.49,69.6,68.1,130.2,99.7
2024-06-05,67.6,15.0,234,6.9,4.02,55.7,59.5,265.0,26.3
2024-06-06,63.2,20.6,277,0.0,6.41,36.9,45.8,284.6,65.7
2024-06-07,58.7,17.2,293,0.0,6.03,42.9,49.3,314.9,32.9
2024-06-08,54.2,15.1,293,2.4,3.41,67.7,57.0,334.8,85.4
2024-06-09,55.4,16.7,305,0.1,5.65,31.9,43.2,306.1,47.7
2024-06-10,52.9,15.1,18,0.0,4.37,56.6,44.0,34.6,0.0
2024-06-11,48.4,8.1,173,0.0,5.01,44.4,49.2,151.3,87.3
2024-06-12,62.9,11.1,222,0.0,6.96,33.6,55.2,228.5,64.0
2024-06-13,69.3,15.7,224,7.8,5.58,64.3,69.1,232.8,50.4
2024-06-14,59.3,12.0,14,0.0,4.91,71.1,58.4,25.3,4.7
2024-06-15,58.5,14.1,115,0.0,5.46,50.7,58.5,118.0,89.0
2024-06-16,67.7,16.6,183,0.7,6.81,50.7,66.5,202.4,100.0
2024-06-17,75.7,14.3,206,0.1,7.55,43.6,66.6,208.4,15.7
2024-06-18,75.6,19.2,197,3.5,6.93,51.3,68.5,196.3,24.4
2024-06-19,75.8,15.1,210,0.1,7.18,39.1,62.9,211.7,16.6
2024-06-20,62.1,10.0,16,0.0,3.98,79.0,63.3,25.3,62.0
2024-06-21,62.1,9.9,52,0.0,5.26,68.3,69.8,77.0,26.4
2024-06-22,67.2,19.5,225,0.2,7.26,39.0,62.7,235.4,88.4
2024-06-23,69.1,19.3,302,2.4,4.86,76.0,67.0,29.1,32.3
2024-06-24,64.7,13.7,124,0.1,5.59,58.9,61.7,104.9,15.7
2024-06-25,72.2,18.0,232,4.9,6.05,49.9,69.6,264.9,90.9
2024-06-26,63.9,13.6,355,0.1,5.22,40.4,57.2,354.4,25.6
2024-06-27,60.7,13.1,37,0.0,5.17,59.0,51.3,52.0,18.6
2024-06-28,63.1,13.3,166,17.6,1.49,85.6,66.3,180.3,100.0
2024-06-29,70.3,12.4,254,4.6,5.68,52.1,67.7,264.9,35.0
2024-06-30,57.5,15.1,12,0.0,4.82,62.6,48.9,31.6,0.1
2024-07-01,56.0,8.3,80,0.0,5.09,47.0,47.1,97.4,87.3
2024-07-02,62.7,15.8,162,2.8,5.54,45.9,55.2,153.3,42.3
2024-07-03,70.4,15.2,229,8.3,5.9,52.1,65.6,110.7,43.4
2024-07-04,69.0,8.1,277,2.2,2.11,76.9,68.2,106.9,97.0
2024-07-05,67.0,15.6,250,0.5,5.78,44.9,56.6,257.5,40.4
2024-07-06,61.9,8.4,86,0.0,5.14,50.0,56.2,107.4,19.3
2024-07-07,63.4,12.5,193,3.0,4.3,64.0,64.8,201.5,82.7
2024-07-08,69.0,11.0,218,0.3,5.58,47.4,62.8,229.7,54.0
2024-07-09,67.4,6.6,125,8.6,2.49,75.0,67.0,108.1,100.0
2024-07-10,66.6,12.6,359,20.0,3.93,75.4,66.0,30.6,22.1
2024-07-11,63.7,7.6,25,0.0,3.61,83.0,66.2,37.6,49.1
2024-07-12,62.5,6.6,55,0.0,5.24,61.9,64.6,67.7,4.0
2024-07-13,65.0,9.4,182,2.9,5.09,63.6,69.4,174.3,66.6
2024-07-14,71.0,13.8,223,16.2,4.78,54.7,68.7,242.6,61.6
2024-07-15,70.9,14.9,219,20.7,5.54,58.6,71.4,177.6,43.9
2024-07-16,69.9,17.8,267,13.4,5.03,65.9,68.8,330.4,66.1
2024-07-17,65.4,10.6,351,2.3,5.35,57.1,58.6,5.0,21.6
2024-07-18,61.4,11.6,26,0.0,4.78,56.0,52.8,33.3,2.6
2024-07-19,57.9,12.0,163,0.0,5.03,51.4,55.3,111.6,30.0
2024-07-20,59.9,7.6,181,0.0,4.44,50.3,56.7,116.9,82.4
2024-07-21,63.6,8.0,15,0.1,4.72,65.0,64.3,67.4,51.4
2024-07-22,65.3,7.9,35,0.0,4.76,66.7,63.0,55.0,31.0
2024-07-23,65.4,12.4,244,1.2,4.88,57.4,65.1,246.4,82.9
2024-07-24,65.7,8.4,32,0.9,3.47,79.9,63.8,51.9,72.0
2024-07-25,63.2,7.8,55,0.0,4.59,63.9,58.8,69.1,6.9
2024-07-26,60.0,7.4,94,0.0,5.22,52.0,56.6,91.6,0.0
2024-07-27,61.4,11.1,138,0.0,5.59,50.3,59.0,118.6,0.0
2024-07-28,65.6,11.5,168,8.9,3.38,71.0,70.0,167.1,99.4
2024-07-29,69.5,16.9,217,17.6,2.45,81.4,70.3,299.9,48.1
2024-07-30,67.6,7.4,201,0.0,5.16,69.1,73.1,107.5,52.9
2024-07-31,70.4,15.8,245,1.8,4.59,56.9,71.1,257.1,16.9
2024-08-01,71.6,9.4,223,15.2,3.49,67.6,70.7,226.5,80.3
2024-08-02,70.8,12.5,2,5.1,4.22,78.0,70.7,15.0,11.4
2024-08-03,70.5,8.2,20,0.0,4.96,70.6,70.6,58.3,13.1
2024-08-04,67.2,9.0,141,0.0,5.29,62.7,69.5,111.0,16.0
2024-08-05,69.0,15.6,347,2.5,4.14,78.1,70.1,25.0,51.1
2024-08-06,65.9,21.7,14,4.9,2.89,77.0,60.8,11.6,68.6
2024-08-07,64.3,12.2,52,0.0,4.78,60.4,58.3,48.0,42.4
2024-08-08,62.8,9.3,309,0.0,4.93,46.3,58.7,300.1,76.4
2024-08-09,60.7,13.5,304,0.0,5.18,45.0,49.9,290.0,81.3
2024-08-10,57.5,14.2,277,0.0,5.49,35.6,45.2,287.4,55.6
2024-08-11,60.2,10.1,287,0.0,5.4,36.4,48.4,304.1,44.0
2024-08-12,59.3,8.2,241,0.0,4.85,44.3,54.9,72.1,46.0
2024-08-13,62.3,5.8,16,0.2,4.79,47.4,57.9,64.3,14.0
2024-08-14,64.7,9.3,107,0.0,4.89,52.4,59.7,89.5,95.6
2024-08-15,67.6,13.8,153,21.6,1.85,85.1,66.3,149.6,97.3
2024-08-16,66.4,12.8,231,6.4,4.5,55.7,66.7,240.6,39.0
2024-08-17,68.0,9.9,294,12.1,3.42,72.4,65.8,343.4,58.3
2024-08-18,65.7,15.7,356,0.7,3.24,76.0,63.2,9.1,18.3
2024-08-19,62.2,13.2,16,0.0,4.28,63.7,56.9,17.1,1.9
2024-08-20,58.8,13.2,35,0.0,4.37,53.9,50.6,35.4,38.3
2024-08-21,56.0,7.1,29,0.1,4.22,47.6,50.1,58.1,2.7
2024-08-22,52.4,5.9,183,0.0,4.58,41.7,50.3,136.6,83.0
2024-08-23,56.9,7.8,191,0.0,5.05,39.7,53.3,179.4,32.7
2024-08-24,60.8,10.4,125,0.1,4.38,65.0,67.8,95.7,44.1
2024-08-25,72.0,12.3,202,0.0,5.98,42.6,64.9,207.9,34.0
2024-08-26,78.2,11.0,204,0.0,6.47,46.3,70.5,214.4,23.3
2024-08-27,76.9,13.3,220,0.4,5.86,49.3,73.8,234.8,20.9
2024-08-28,70.2,9.9,350,0.6,3.46,72.4,68.9,30.9,91.3
2024-08-29,67.6,8.6,67,0.0,3.76,70.7,68.1,81.3,31.6
2024-08-30,72.8,11.0,210,6.9,3.49,70.1,70.0,238.5,92.7
2024-08-31,63.9,8.5,280,0.0,4.87,44.9,57.7,128.4,1.3
2024-09-01,61.8,16.8,360,0.0,4.45,56.9,52.2,28.6,0.1
2024-09-02,59.1,7.2,76,0.0,4.18,40.4,45.6,78.2,0.6
2024-09-03,56.3,7.7,147,0.0,4.36,42.1,47.7,115.0,28.3
2024-09-04,56.9,9.0,139,0.0,4.58,43.3,52.7,111.6,0.0
2024-09-05,62.0,17.9,236,0.9,5.33,32.4,53.2,235.6,65.6
2024-09-06,56.9,15.8,6,1.1,3.42,60.1,50.4,19.0,31.0
2024-09-07,50.6,14.6,355,0.3,3.62,51.9,41.5,19.5,0.1
2024-09-08,49.2,9.7,258,0.0,4.39,36.7,44.2,270.5,42.1
2024-09-09,58.7,11.8,255,0.0,5.24,39.4,52.7,270.6,0.0
2024-09-10,56.8,9.9,212,0.0,5.29,26.3,43.3,205.0,22.4
2024-09-11,59.7,8.2,169,0.0,5.12,34.1,51.5,144.4,1.3
2024-09-12,60.9,10.8,82,0.0,4.26,60.1,63.4,58.9,61.0
2024-09-13,66.8,11.4,94,0.0,4.39,59.3,61.6,68.5,90.9
2024-09-14,67.4,10.9,102,0.0,4.36,55.9,62.9,81.0,58.0
2024-09-15,67.7,9.7,110,0.0,4.51,48.4,60.3,93.9,55.1
2024-09-16,64.6,7.9,117,0.0,4.61,43.3,57.1,96.3,50.0
2024-09-17,61.6,7.6,97,0.0,4.04,46.4,55.3,66.5,0.0
2024-09-18,60.3,10.5,117,0.0,3.92,50.3,57.4,94.6,58.7
2024-09-19,59.2,11.0,142,0.0,4.46,40.6,55.5,112.1,60.0
2024-09-20,67.7,10.6,225,0.2,4.72,37.3,57.2,304.7,2.4
2024-09-21,62.4,9.9,136,0.0,4.61,41.1,57.4,122.1,30.6
2024-09-22,65.0,15.3,295,28.3,1.21,90.6,67.1,332.9,99.7
2024-09-23,60.9,15.1,31,4.2,2.95,66.6,52.2,32.7,100.0
2024-09-24,61.4,12.8,13,53.7,0.87,90.7,62.4,19.9,98.4
2024-09-25,57.6,7.1,322,0.0,3.21,53.0,53.3,47.4,1.3
2024-09-26,55.0,9.5,37,0.0,3.34,60.6,56.9,59.6,6.7
2024-09-27,65.4,22.2,36,0.0,2.96,67.6,56.5,26.9,100.0
2024-09-28,63.5,17.8,19,1.1,1.98,81.9,59.2,8.3,100.0
2024-09-29,63.6,14.8,14,0.5,2.36,76.3,59.5,10.9,60.3
2024-09-30,62.3,8.7,78,0.0,2.88,74.6,63.8,80.2,13.0
2024-10-01,56.8,16.2,325,0.0,3.84,36.7,38.6,344.1,30.4
2024-10-02,49.2,9.7,235,0.0,3.86,31.0,35.4,217.3,0.0
2024-10-03,53.5,9.0,240,0.0,3.66,51.1,50.0,64.5,0.0
2024-10-04,58.7,15.4,36,0.4,3.05,66.1,52.7,29.0,10.0
2024-10-05,58.7,19.5,156,0.0,4.2,49.3,55.5,161.6,9.3
2024-10-06,56.9,19.1,275,0.0,5.24,33.4,38.9,290.0,0.0
2024-10-07,49.8,9.0,309,0.0,3.47,27.4,29.0,301.6,64.1
2024-10-08,50.3,10.2,292,0.0,3.7,30.4,37.5,296.8,0.0
2024-10-09,48.7,9.1,69,0.0,2.71,57.9,48.7,61.7,3.4
2024-10-10,55.5,8.3,107,0.0,3.03,40.1,40.2,112.7,0.0
2024-10-11,53.9,14.7,229,0.0,4.89,29.4,44.2,236.1,73.1
2024-10-12,56.9,16.3,56,30.1,2.47,74.3,52.6,57.5,81.1
2024-10-13,49.7,21.2,308,1.1,2.62,51.9,42.6,288.6,62.0
2024-10-14,43.9,19.3,335,4.4,2.13,59.6,37.9,5.8,89.4
2024-10-15,42.7,20.5,354,4.4,1.8,64.4,35.9,2.1,71.7
2024-10-16,38.0,12.4,312,0.0,2.33,46.4,32.4,324.1,23.7
2024-10-17,38.4,9.7,202,0.0,3.06,35.3,31.9,196.2,0.0
2024-10-18,43.7,10.9,189,0.0,3.28,38.3,37.2,186.6,0.0
2024-10-19,45.2,8.4,209,0.0,3.07,42.9,42.4,204.4,39.6
2024-10-20,52.4,12.2,223,0.0,4.33,35.6,43.9,218.1,0.0
2024-10-21,55.0,11.2,217,0.0,4.29,35.4,45.4,208.7,43.1
2024-10-22,54.2,14.4,193,0.7,3.64,44.0,46.7,191.3,60.6
2024-10-23,46.5,14.1,298,0.0,2.8,42.9,37.3,322.3,8.6
2024-10-24,39.9,11.5,196,0.0,2.68,37.3,34.4,187.8,42.1
2024-10-25,49.7,9.9,302,15.6,2.4,54.1,45.4,321.4,39.0
2024-10-26,44.3,10.1,348,0.0,2.4,42.3,29.4,27.6,26.7
2024-10-27,37.7,6.7,203,0.0,1.98,43.1,32.6,174.7,0.4
2024-10-28,43.3,15.5,170,0.0,2.82,45.7,40.5,157.4,99.1
2024-10-29,64.5,19.3,203,0.0,4.65,51.4,57.4,201.3,93.9
2024-10-30,67.2,19.8,205,0.0,4.43,54.0,57.5,208.3,98.9
2024-10-31,43.9,22.1,226,12.4,3.01,57.6,44.9,243.3,70.9
2024-11-01,40.0,14.5,292,0.0,1.83,59.1,35.3,57.0,1.9
2024-11-02,39.1,9.3,158,0.0,1.68,58.7,38.3,136.7,45.3
2024-11-03,49.6,16.3,145,1.2,1.8,63.9,45.3,143.0,100.0
2024-11-04,61.8,16.8,193,7.0,0.98,81.4,61.7,208.0,85.9
2024-11-05,59.3,19.7,198,31.5,0.9,88.9,61.8,195.9,100.0
2024-11-06,49.7,8.9,303,0.0,1.11,63.9,41.9,327.9,99.3
2024-11-07,41.6,8.4,293,0.0,1.67,56.1,38.9,254.0,12.1
2024-11-08,42.6,11.0,297,0.0,1.89,55.4,40.3,301.7,13.3
2024-11-09,47.4,12.2,119,0.5,1.3,74.9,44.8,127.3,100.0
2024-11-10,50.1,20.8,222,2.9,1.61,64.0,45.3,236.9,37.9
2024-11-11,43.9,15.2,299,0.0,2.05,52.9,34.6,318.0,8.1
2024-11-12,44.4,14.5,78,0.0,1.61,66.7,35.1,110.1,73.4
2024-11-13,41.6,11.2,135,10.1,1.12,71.7,39.6,127.6,100.0
2024-11-14,48.1,9.5,299,9.4,0.65,85.6,49.4,317.9,99.9
2024-11-15,44.8,6.1,282,0.1,0.81,70.6,42.5,348.2,79.6
2024-11-16,42.0,11.0,170,0.0,1.04,69.6,40.8,159.3,99.6
2024-11-17,45.9,9.8,209,3.5,1.01,79.4,49.8,229.9,93.6
2024-11-18,46.6,16.1,119,10.2,0.45,95.1,52.4,114.9,100.0
2024-11-19,47.4,18.6,199,6.2,1.55,64.6,47.7,233.3,32.4
2024-11-20,33.5,16.3,262,1.3,1.35,54.6,28.0,255.6,64.0
2024-11-21,30.7,21.0,298,8.1,0.6,86.7,33.6,302.0,95.7
2024-11-22,36.5,12.7,316,0.0,0.79,72.3,37.8,320.1,100.0
2024-11-23,36.9,9.2,264,0.0,0.7,74.7,35.3,242.4,99.4
2024-11-24,35.2,9.3,143,0.0,0.82,81.4,40.8,122.9,97.0
2024-11-25,38.0,13.1,299,1.2,0.62,84.4,44.3,306.0,100.0
2024-11-26,25.9,13.2,260,0.0,1.11,60.6,23.2,238.9,69.7
2024-11-27,32.6,12.4,60,0.1,0.73,69.1,31.3,86.5,100.0
2024-11-28,27.0,13.2,306,0.2,0.79,66.4,19.8,286.9,100.0
2024-11-29,20.2,14.4,281,0.0,1.17,42.4,4.8,277.6,65.9
2024-11-30,14.5,10.7,267,0.0,1.1,37.0,1.9,260.0,39.3
2024-12-01,13.7,10.8,289,0.0,1.0,42.3,4.5,285.3,0.0
2024-12-02,16.0,8.4,287,0.0,0.67,53.3,11.6,301.7,71.1
2024-12-03,20.4,13.2,241,0.0,0.92,51.9,13.0,227.3,79.4
2024-12-04,21.6,23.4,252,1.0,1.21,66.1,26.3,262.1,88.6
2024-12-05,11.4,18.6,301,0.0,1.26,39.0,5.0,305.4,19.3
2024-12-06,14.8,11.3,242,0.0,1.01,40.0,6.6,230.1,39.4
2024-12-07,24.1,15.8,223,0.0,1.67,45.4,21.3,220.0,100.0
2024-12-08,37.9,13.7,225,0.0,1.31,74.9,39.4,184.8,2.1
2024-12-09,41.4,11.6,236,0.0,1.03,69.6,37.2,242.1,96.3
2024-12-10,29.5,8.4,290,0.0,0.62,71.0,25.6,292.9,100.0
2024-12-11,15.9,16.7,273,0.2,0.97,57.4,15.8,270.3,51.9
2024-12-12,4.1,16.5,275,0.0,0.79,34.1,-9.3,263.1,85.9
2024-12-13,8.0,10.4,40,0.0,0.46,80.6,17.2,51.5,100.0
2024-12-14,26.1,15.3,122,8.4,0.68,71.1,26.3,123.4,100.0
2024-12-15,37.1,16.3,165,2.8,0.38,96.6,43.7,202.9,100.0
2024-12-16,37.1,13.8,227,2.5,0.4,95.3,45.9,245.2,100.0
2024-12-17,31.6,12.4,263,0.0,0.71,72.7,30.0,265.1,93.4
2024-12-18,26.0,9.7,316,0.8,0.6,75.4,24.1,308.6,94.1
2024-12-19,25.9,9.8,168,2.1,0.47,68.6,21.0,158.6,98.9
2024-12-20,21.8,18.3,348,2.1,0.48,84.0,24.1,335.5,96.4
2024-12-21,12.5,9.9,315,0.0,0.51,69.0,10.3,311.7,73.0
2024-12-22,15.4,12.7,176,0.0,0.63,73.3,21.9,164.1,74.1
2024-12-23,30.1,12.6,204,0.0,0.54,81.7,32.2,223.3,100.0
2024-12-24,32.1,7.9,360,0.0,0.54,71.9,26.6,23.7,94.0
2024-12-25,29.3,6.2,58,0.0,0.42,82.9,31.8,89.0,99.0
2024-12-26,35.9,9.1,153,0.7,0.36,94.6,42.9,157.9,100.0
2024-12-27,40.6,11.8,143,6.2,0.2,98.1,43.2,130.4,100.0
2024-12-28,43.3,15.2,224,0.8,0.6,77.0,41.3,227.0,100.0
2024-12-29,35.6,13.0,354,8.7,0.16,98.7,38.5,344.0,100.0
2024-12-30,31.7,8.7,250,0.0,0.6,85.4,35.7,206.6,69.0
2024-12-31,33.0,17.7,3,7.7,0.27,92.1,34.0,346.0,100.0
2025-01-01,26.3,15.2,277,0.2,0.79,63.4,18.7,274.0,98.1
2025-01-02,24.1,11.3,273,0.2,1.06,48.7,13.0,259.7,95.7
2025-01-03,19.2,14.0,299,0.0,1.09,41.6,2.9,299.0,5.6
2025-01-04,11.9,11.1,298,0.0,1.04,27.7,-7.1,290.7,46.3
2025-01-05,14.2,13.6,355,0.7,0.78,55.6,5.8,11.2,100.0
2025-01-06,23.8,16.6,8,3.6,0.6,81.0,22.9,352.7,100.0
2025-01-07,14.7,8.7,310,0.0,0.68,45.7,5.1,313.2,100.0
2025-01-08,13.1,7.2,299,0.0,0.76,41.9,3.3,293.7,90.4
2025-01-09,10.5,10.7,199,0.0,0.76,53.3,8.7,188.1,36.9
2025-01-10,20.3,11.0,225,3.1,0.33,89.6,26.0,230.6,100.0
2025-01-11,20.4,9.1,252,0.0,0.55,73.4,22.0,227.2,100.0
2025-01-12,24.3,15.0,216,1.6,0.51,85.4,28.8,226.7,100.0
2025-01-13,8.6,12.9,264,0.0,0.71,54.7,1.4,261.9,0.0
2025-01-14,7.9,13.9,285,1.1,0.5,60.1,-1.6,296.6,0.0
2025-01-15,3.8,13.1,236,0.1,0.58,64.1,4.2,224.3,46.1
2025-01-16,18.3,13.8,269,0.2,0.81,70.1,26.7,299.7,88.1
2025-01-17,24.1,18.1,202,0.0,1.09,64.7,29.2,201.2,21.9
2025-01-18,17.8,14.6,332,0.0,1.14,43.1,5.9,339.2,33.6
2025-01-19,2.3,12.5,309,0.0,0.91,28.6,-18.1,303.7,0.0
2025-01-20,-2.0,14.6,272,0.0,0.76,25.3,-19.7,264.9,12.1
2025-01-21,-6.8,12.3,260,0.0,0.6,24.3,-28.6,251.4,0.0
2025-01-22,-0.7,17.9,203,1.3,0.71,51.3,4.8,202.6,100.0
2025-01-23,8.3,13.4,290,0.9,0.57,65.6,3.7,300.6,13.0
2025-01-24,0.9,11.5,225,0.0,0.61,59.6,2.5,210.5,88.7
2025-01-25,19.1,14.7,239,0.0,1.18,64.4,22.9,238.1,38.1
2025-01-26,16.4,11.9,275,0.0,1.13,41.4,6.9,252.4,64.4
2025-01-27,19.2,16.4,243,0.0,1.85,36.1,11.3,233.1,72.6
2025-01-28,27.5,18.0,253,0.0,1.81,49.4,23.2,227.9,63.3
2025-01-29,32.4,15.1,290,0.0,1.71,50.7,24.8,289.3,52.7
2025-01-30,27.3,11.4,205,3.2,1.26,54.4,30.2,212.7,99.4
2025-01-31,33.5,16.8,25,26.4,0.31,90.4,33.0,16.4,70.9
2025-02-01,27.5,12.9,75,0.0,0.84,67.4,19.2,103.4,100.0
2025-02-02,30.8,12.1,185,0.8,0.95,76.9,37.5,232.2,70.9
2025-02-03,33.6,15.2,357,0.0,0.42,91.1,33.7,2.0,100.0
2025-02-04,22.4,13.8,3,0.0,0.77,70.4,15.3,18.6,100.0
2025-02-05,25.3,11.2,87,0.9,0.85,65.4,19.1,99.0,100.0
2025-02-06,28.9,17.9,262,0.6,1.25,57.0,22.1,251.7,45.0
2025-02-07,17.3,13.8,287,0.0,1.32,37.3,6.0,192.2,63.3
2025-02-08,27.2,9.9,71,0.5,0.65,71.9,23.5,48.9,100.0
2025-02-09,23.3,11.1,300,0.0,1.11,46.9,11.2,272.3,61.0
2025-02-10,16.5,7.1,258,0.0,1.33,39.7,7.8,82.0,51.7
2025-02-11,22.1,12.3,17,0.4,0.65,71.7,15.3,20.0,100.0
2025-02-12,23.3,14.8,58,8.7,0.44,85.0,23.0,63.6,100.0
2025-02-13,4.7,13.1,285,0.8,0.63,70.7,3.7,268.9,3.4
2025-02-14,-0.0,12.6,175,4.1,0.63,70.6,11.1,152.0,100.0
2025-02-15,25.6,13.1,30,0.1,0.71,82.9,26.4,344.6,100.0
2025-02-16,10.3,16.7,318,1.2,0.69,79.4,16.5,304.9,99.7
2025-02-17,0.2,13.1,281,0.0,0.56,67.3,-4.4,276.4,85.0
2025-02-18,-7.5,11.4,304,0.0,0.6,62.9,-6.1,306.1,32.0
2025-02-19,2.4,9.1,300,0.0,0.63,66.4,0.4,297.9,99.4
2025-02-20,2.7,9.9,289,0.0,0.78,71.3,8.9,288.3,2.3
2025-02-21,8.9,9.3,251,0.0,0.95,68.6,12.5,239.1,0.0
2025-02-22,13.7,10.9,232,0.0,1.12,61.7,14.6,231.0,37.4
2025-02-23,21.5,10.6,212,0.0,1.27,63.6,26.0,199.6,63.3
2025-02-24,37.1,16.2,229,1.4,1.89,63.4,38.7,241.1,98.6
2025-02-25,35.0,8.5,258,11.2,1.76,69.3,38.6,9.7,0.3
2025-02-26,33.5,10.6,104,10.6,0.81,86.4,37.0,89.0,89.1
2025-02-27,33.8,15.9,289,1.4,1.66,56.4,30.9,304.4,40.6
2025-02-28,33.5,19.2,253,0.0,2.66,46.4,33.6,261.9,76.1
2025-03-01,22.3,14.6,341,0.1,1.55,37.3,3.6,349.0,0.1
2025-03-02,18.2,5.1,212,0.0,1.57,41.3,10.5,159.0,51.4
2025-03-03,29.4,12.3,185,0.0,1.71,52.3,27.5,189.4,63.7
2025-03-04,41.1,15.0,173,10.5,1.36,74.4,42.0,168.4,100.0
2025-03-05,29.3,17.2,267,10.6,1.19,78.4,36.7,284.8,97.6
2025-03-06,26.7,15.6,294,0.0,1.93,43.6,17.4,284.9,0.6
2025-03-07,31.8,6.6,232,4.7,0.58,95.3,33.3,103.6,100.0
2025-03-08,27.5,11.8,267,0.0,2.09,53.3,28.5,239.7,12.1
2025-03-09,33.0,11.9,242,0.0,2.72,50.3,35.4,229.0,29.9
2025-03-10,38.3,15.2,224,0.0,3.43,49.7,42.2,217.3,4.6
2025-03-11,32.7,16.4,354,0.0,2.0,72.6,28.5,18.0,68.1
2025-03-12,33.9,10.0,78,0.0,2.15,58.4,28.4,43.7,7.4
2025-03-13,33.0,9.7,67,0.0,2.16,71.3,37.2,58.5,22.6
2025-03-14,46.3,16.4,157,0.0,3.72,59.7,54.4,154.9,29.7
2025-03-15,42.3,19.6,206,6.3,3.41,47.0,43.3,219.3,94.0
2025-03-16,27.9,10.7,310,13.6,0.6,81.0,26.7,309.3,100.0
2025-03-17,23.5,15.4,190,0.1,2.35,54.0,29.0,173.9,26.6
2025-03-18,37.4,15.5,192,0.0,2.75,64.1,49.2,146.9,95.1
2025-03-19,36.0,17.1,6,9.6,0.97,91.6,38.7,10.5,99.0
2025-03-20,32.0,20.7,334,4.0,1.99,48.7,21.0,331.1,15.7
2025-03-21,29.8,17.7,210,1.1,2.9,43.9,31.8,210.0,95.3
2025-03-22,32.4,14.0,352,0.2,1.84,71.7,27.7,80.7,60.9
2025-03-23,34.1,19.9,177,5.5,1.47,74.7,38.3,162.9,99.1
2025-03-24,33.1,17.4,276,0.0,2.31,42.7,23.1,284.0,38.3
2025-03-25,31.7,7.1,24,0.6,2.04,71.0,32.9,64.3,44.3
2025-03-26,30.1,7.8,108,0.7,1.89,72.9,33.6,102.6,39.0
2025-03-27,39.2,7.5,194,0.0,1.5,62.0,40.6,187.0,97.7
2025-03-28,44.5,18.8,197,2.9,3.87,62.4,56.4,197.1,15.6
2025-03-29,39.3,18.9,224,1.3,3.38,69.1,57.4,211.7,60.9
2025-03-30,42.2,17.4,215,11.2,1.98,78.1,59.0,212.7,79.9
2025-03-31,34.3,11.4,344,0.6,1.86,66.0,31.0,17.3,54.7
2025-04-01,32.9,15.8,89,0.0,1.95,62.3,25.7,80.8,100.0
2025-04-02,39.6,18.8,151,13.9,1.62,86.7,55.2,167.2,95.4
2025-04-03,41.8,16.1,257,0.0,2.38,56.3,34.6,261.4,99.6
2025-04-04,38.9,8.7,45,1.4,1.34,79.1,37.3,40.6,100.0
2025-04-05,40.0,12.5,6,4.8,1.7,73.0,41.1,23.8,100.0
2025-04-06,35.0,10.4,34,0.0,2.67,55.9,28.1,97.1,79.1
2025-04-07,31.4,19.0,0,1.2,1.79,65.7,24.4,16.8,73.6
2025-04-08,25.7,9.5,26,0.0,2.57,50.1,20.1,82.5,9.0
2025-04-09,32.2,10.6,145,2.6,1.43,64.0,32.0,144.4,100.0
2025-04-10,35.7,10.2,37,0.9,1.35,81.1,34.7,40.6,75.7
2025-04-11,34.8,8.6,18,0.0,2.58,55.9,30.6,52.6,2.6
2025-04-12,33.1,9.2,155,0.1,3.31,57.3,37.8,114.9,22.9
2025-04-13,45.1,13.5,161,0.9,3.21,48.6,40.4,154.3,100.0
2025-04-14,50.3,18.2,269,0.0,4.33,37.6,34.5,273.3,25.9
2025-04-15,38.9,18.0,299,0.8,2.65,46.0,29.7,302.1,91.1
2025-04-16,34.8,9.1,50,0.0,2.85,53.0,27.7,80.2,68.3
2025-04-17,38.2,15.0,157,0.1,3.87,36.3,37.6,168.0,100.0
2025-04-18,57.8,18.5,211,2.4,4.53,54.4,60.7,217.5,91.4
2025-04-19,43.6,15.9,232,0.1,1.75,72.1,45.6,128.8,100.0
2025-04-20,44.4,16.8,98,3.2,2.22,66.1,40.5,76.3,100.0
2025-04-21,47.9,21.0,239,11.0,2.69,52.0,39.4,261.4,81.3
2025-04-22,42.5,10.1,182,2.9,3.08,66.6,50.1,133.6,77.6
2025-04-23,53.4,12.5,171,3.1,3.33,58.6,54.2,164.4,75.0
2025-04-24,45.1,8.9,9,0.0,3.62,72.3,48.4,22.7,43.0
2025-04-25,45.8,14.9,4,0.0,2.65,68.0,40.4,11.6,75.0
2025-04-26,42.1,14.1,7,0.0,2.91,60.1,35.2,22.0,27.9
2025-04-27,39.3,9.1,111,0.0,4.2,45.4,39.7,111.3,0.3
2025-04-28,52.0,18.7,180,0.0,6.38,39.0,52.7,183.1,76.9
2025-04-29,48.4,18.3,246,0.0,5.11,45.0,43.2,305.8,88.4
2025-04-30,43.6,7.7,81,0.1,2.38,55.7,39.8,87.8,100.0
2025-05-01,48.3,17.3,208,18.8,2.55,71.6,58.3,238.9,88.1
2025-05-02,44.4,7.6,38,6.8,1.74,82.0,43.3,56.4,88.1
2025-05-03,42.5,14.0,15,0.0,2.48,80.0,40.2,11.3,33.3
2025-05-04,42.6,13.6,8,5.3,1.8,71.4,39.9,4.9,100.0
2025-05-05,44.7,11.6,31,1.1,2.44,82.6,49.1,31.1,33.6
2025-05-06,46.0,9.8,301,0.0,4.29,50.9,51.5,308.3,30.7
2025-05-07,45.6,12.7,14,0.0,3.22,73.1,43.0,14.0,87.0
2025-05-08,42.5,13.9,21,0.0,3.14,67.0,39.4,20.0,0.0
2025-05-09,41.4,6.4,48,0.0,4.23,31.7,26.3,55.9,15.3
2025-05-10,46.6,13.7,340,0.0,4.7,51.7,36.2,15.4,0.0
2025-05-11,44.1,9.1,39,0.0,4.5,43.7,39.9,41.5,0.0
2025-05-12,52.4,7.5,88,2.7,4.7,38.9,41.6,48.1,100.0
2025-05-13,52.4,8.8,91,0.0,3.73,68.7,57.9,65.3,75.7
2025-05-14,52.4,6.4,61,0.0,3.28,71.9,57.7,67.9,72.7
2025-05-15,56.3,12.8,153,3.6,5.06,47.6,61.4,144.9,69.6
2025-05-16,62.0,19.7,211,1.2,6.74,31.9,47.6,189.7,65.0
2025-05-17,53.9,17.0,269,0.7,3.87,50.4,44.8,274.7,96.0
2025-05-18,44.9,8.4,26,0.0,2.86,69.9,44.3,75.3,32.9
2025-05-19,42.3,13.9,35,0.0,2.14,74.9,39.9,32.4,100.0
2025-05-20,47.0,17.9,92,19.8,1.3,87.7,49.4,97.7,100.0
2025-05-21,47.8,10.1,2,5.1,1.08,86.9,47.5,347.0,100.0
2025-05-22,47.0,9.7,351,0.5,2.08,70.1,41.1,19.4,93.1
2025-05-23,43.3,8.3,73,0.0,3.49,64.0,42.2,62.2,25.4
2025-05-24,44.7,6.8,85,0.0,3.76,62.3,43.0,80.3,34.4
2025-05-25,48.9,5.9,62,0.2,3.26,61.6,44.6,65.3,40.9
2025-05-26,47.1,7.7,19,0.0,3.77,68.0,45.3,23.0,100.0
2025-05-27,49.1,9.2,21,0.2,2.9,60.1,45.1,14.2,99.0
2025-05-28,50.6,8.1,14,7.1,1.97,80.6,50.7,15.2,66.0
2025-05-29,48.8,6.4,258,0.5,3.67,51.7,49.2,80.7,63.6
2025-05-30,52.4,12.8,295,2.1,4.71,44.9,49.9,287.7,84.1
2025-05-31,48.8,10.1,17,0.0,4.09,46.6,35.2,25.7,0.0
2025-06-01,47.2,7.2,80,0.0,4.64,37.3,34.0,80.8,0.0
2025-06-02,52.5,10.1,185,0.0,7.02,23.3,42.1,172.6,42.9
2025-06-03,68.9,20.2,201,1.1,7.44,39.1,59.7,207.1,99.9
2025-06-04,53.9,14.0,359,22.0,1.79,90.9,56.1,25.6,99.7
2025-06-05,50.7,7.8,20,0.0,3.49,85.4,58.0,19.6,80.3
2025-06-06,54.5,7.1,17,0.0,4.5,69.3,54.8,27.3,16.1
2025-06-07,54.0,7.7,33,0.2,3.85,63.3,54.7,48.0,100.0
2025-06-08,56.6,15.5,232,6.2,4.92,51.7,57.7,215.0,85.7
2025-06-09,56.1,15.3,251,4.4,4.9,52.6,49.6,267.8,51.3
2025-06-10,56.0,13.8,263,0.0,5.72,35.7,47.9,271.6,63.3
2025-06-11,63.7,14.8,237,0.0,7.31,32.3,56.6,252.3,65.6
2025-06-12,57.9,8.7,19,18.2,4.12,62.1,56.0,30.6,100.0
2025-06-13,57.3,6.8,32,8.3,1.72,87.9,62.9,62.1,100.0
2025-06-14,58.4,7.8,37,0.0,4.32,61.3,53.9,32.7,1.4
2025-06-15,57.6,6.1,33,0.0,4.86,51.3,55.4,45.1,99.6
2025-06-16,60.3,9.2,111,0.0,5.91,41.7,56.2,108.4,58.0
2025-06-17,69.8,11.1,224,1.1,6.52,41.6,63.7,240.3,36.4
2025-06-18,64.8,10.1,200,26.7,2.46,92.6,69.5,95.7,99.9
2025-06-19,64.8,8.3,270,10.3,4.49,66.1,64.5,259.7,36.1
2025-06-20,66.8,12.2,207,0.0,4.58,61.1,65.0,200.0,18.9
2025-06-21,74.5,17.6,209,0.0,7.3,54.4,72.8,212.9,21.4
2025-06-22,78.5,14.6,212,0.0,7.93,47.4,70.7,207.3,3.7
2025-06-23,79.6,14.7,220,0.0,8.4,37.0,65.4,215.4,10.7
2025-06-24,71.5,9.0,201,10.4,4.64,80.6,72.8,70.4,77.6
2025-06-25,67.7,8.0,65,5.9,3.72,85.7,69.6,59.8,73.3
2025-06-26,75.0,12.3,198,6.0,5.57,67.9,74.2,164.1,40.7
2025-06-27,72.9,12.9,238,1.4,5.02,66.0,70.4,249.2,79.6
2025-06-28,67.5,7.4,95,0.0,4.93,74.0,66.7,103.3,2.4
2025-06-29,69.9,8.3,158,6.8,5.39,64.9,72.7,130.4,27.1
2025-06-30,70.0,6.9,257,4.9,5.19,63.6,70.7,333.5,42.6
2025-07-01,68.1,8.6,327,0.0,5.66,57.3,64.3,51.5,16.7
2025-07-02,69.5,6.2,259,0.1,5.62,31.0,52.9,68.5,61.4
2025-07-03,71.4,9.4,157,0.5,6.37,39.7,59.4,82.7,24.0
2025-07-04,71.9,9.1,214,11.9,4.38,65.0,70.3,197.0,60.7
2025-07-05,76.2,13.3,213,0.0,7.86,33.0,59.2,213.7,17.9
2025-07-06,64.9,12.3,285,5.3,3.74,76.6,69.4,327.4,99.7
2025-07-07,64.1,10.4,18,0.0,4.73,71.4,61.7,42.1,22.4
2025-07-08,66.9,7.1,204,0.8,4.51,55.0,65.5,210.3,93.4
2025-07-09,67.7,9.2,3,1.3,4.17,85.1,67.6,24.0,64.6
2025-07-10,65.9,7.6,73,2.8,4.95,64.1,64.1,94.3,69.9
2025-07-11,69.4,10.3,197,17.2,4.7,61.9,70.1,198.3,75.3
2025-07-12,71.6,10.5,236,0.5,4.96,60.1,66.7,252.0,32.7
2025-07-13,67.3,7.0,279,0.0,4.77,50.3,59.9,239.0,98.6
2025-07-14,65.0,5.7,154,0.0,5.72,43.0,58.6,123.4,0.0
2025-07-15,70.2,9.8,144,0.0,5.78,45.9,63.9,124.8,58.4
2025-07-16,74.3,14.1,223,1.9,5.77,47.6,66.1,206.0,93.6
2025-07-17,63.0,10.5,4,0.4,2.5,76.6,58.9,37.1,94.6
2025-07-18,62.2,7.1,72,0.3,4.52,63.6,61.4,68.6,21.1
2025-07-19,70.7,11.5,208,3.8,3.03,69.9,69.7,230.5,75.6
2025-07-20,67.1,9.9,21,1.7,3.05,78.9,64.5,33.8,66.3
2025-07-21,67.3,8.9,57,0.0,5.02,65.4,63.2,54.6,79.0
2025-07-22,68.4,11.7,127,0.0,5.8,49.6,62.8,118.6,14.1
2025-07-23,72.2,12.2,188,0.0,6.51,48.9,71.0,197.2,46.1
2025-07-24,76.9,11.4,231,0.7,5.66,46.3,68.4,244.0,76.6
2025-07-25,71.6,7.7,37,5.8,3.34,87.7,72.4,36.3,83.6
2025-07-26,71.7,8.1,205,2.0,2.8,74.3,72.8,211.6,94.7
2025-07-27,71.9,6.8,139,0.2,4.73,79.3,75.1,102.3,49.3
2025-07-28,74.9,6.7,173,0.8,4.42,72.1,74.7,52.5,12.1
2025-07-29,72.0,6.4,174,0.1,5.41,47.1,67.2,187.9,49.3
2025-07-30,67.1,15.8,38,33.8,1.79,90.9,68.4,24.9,100.0
2025-07-31,65.7,14.1,27,1.0,4.58,72.9,59.8,14.4,0.7
2025-08-01,65.0,11.3,33,0.0,4.82,53.3,53.4,37.5,1.1
2025-08-02,62.4,6.8,39,0.0,5.16,40.7,50.1,55.7,33.7
2025-08-03,63.2,8.2,70,0.0,5.29,45.3,54.1,78.7,0.0
2025-08-04,69.1,7.9,81,0.0,4.89,52.4,58.5,71.4,97.4
2025-08-05,69.9,7.8,61,0.0,5.32,52.3,60.2,55.8,7.7
2025-08-06,68.1,10.4,100,0.0,5.11,44.9,59.8,102.7,44.7
2025-08-07,72.3,6.7,167,0.7,5.01,53.1,66.8,167.3,89.9
2025-08-08,74.4,10.2,183,0.0,6.33,40.0,64.5,179.7,43.9
2025-08-09,76.6,13.5,195,0.3,6.87,41.4,65.9,198.8,28.3
2025-08-10,76.5,12.6,200,0.9,5.38,49.6,67.3,204.6,79.9
2025-08-11,73.1,9.4,226,9.6,5.28,41.0,62.4,270.1,45.7
2025-08-12,71.9,8.9,210,6.4,3.65,70.4,70.8,207.3,98.0
2025-08-13,70.1,8.4,11,0.0,4.55,61.1,63.8,48.4,23.0
2025-08-14,67.4,7.5,47,0.0,5.01,48.9,58.6,65.3,0.0
2025-08-15,68.6,8.3,144,0.0,5.26,45.1,64.8,121.8,34.7
2025-08-16,76.3,8.5,197,0.9,4.87,49.1,68.0,79.6,99.3
2025-08-17,70.6,9.6,22,0.3,3.15,71.6,66.5,33.7,98.1
2025-08-18,70.3,10.3,144,4.9,3.59,74.6,73.1,152.5,90.1
2025-08-19,70.6,9.7,22,0.7,2.46,84.3,68.2,38.3,90.7
2025-08-20,68.2,11.5,17,0.6,3.56,74.0,62.3,19.9,3.6
2025-08-21,67.3,9.7,36,0.5,3.53,70.4,62.3,40.0,62.7
2025-08-22,63.7,5.4,147,0.1,3.99,57.9,61.9,112.7,79.1
2025-08-23,66.8,12.9,278,0.5,5.12,45.6,57.5,292.6,19.0
2025-08-24,59.5,12.7,294,0.0,4.86,40.9,47.6,296.4,28.6
2025-08-25,55.9,10.6,308,0.0,4.29,39.7,43.3,314.6,90.1
2025-08-26,55.2,9.3,311,0.2,4.32,33.4,40.7,336.0,39.6
2025-08-27,56.9,10.9,251,0.0,4.81,31.9,44.0,270.7,60.6
2025-08-28,61.5,10.0,332,5.9,3.84,69.9,60.2,23.5,36.7
2025-08-29,58.9,7.6,62,0.5,3.74,62.0,52.4,78.2,98.3
2025-08-30,62.5,5.8,71,0.4,2.94,67.0,57.4,87.7,72.1
2025-08-31,58.0,8.3,58,0.0,3.97,52.4,53.0,79.7,23.0
