date,forecast_max
2021-06-01,69.4
2021-06-02,69.3
2021-06-03,74.7
2021-06-04,83.7
2021-06-05,85.5
2021-06-06,83.3
2021-06-07,75.4
2021-06-08,75.6
2021-06-09,75.0
2021-06-10,75.6
2021-06-11,77.7
2021-06-12,75.0
2021-06-13,72.7
2021-06-14,71.6
2021-06-15,67.3
2021-06-16,68.0
2021-06-17,82.2
2021-06-18,79.7
2021-06-19,78.4
2021-06-20,80.2
2021-06-21,71.2
2021-06-22,68.7
2021-06-23,72.7
2021-06-24,69.4
2021-06-25,80.1
2021-06-26,77.7
2021-06-27,80.1
2021-06-28,75.7
2021-06-29,81.7
2021-06-30,79.3
2021-07-01,71.1
2021-07-02,68.0
2021-07-03,84.0
2021-07-04,86.7
2021-07-05,88.9
2021-07-06,88.7
2021-07-07,72.5
2021-07-08,70.5
2021-07-09,70.9
2021-07-10,70.9
2021-07-11,68.5
2021-07-12,72.9
2021-07-13,75.0
2021-07-14,84.0
2021-07-15,75.0
2021-07-16,70.2
2021-07-17,70.3
2021-07-18,75.7
2021-07-19,78.3
2021-07-20,84.4
2021-07-21,73.0
2021-07-22,79.0
2021-07-23,86.2
2021-07-24,89.4
2021-07-25,88.3
2021-07-26,84.9
2021-07-27,90.1
2021-07-28,83.5
2021-07-29,85.5
2021-07-30,71.6
2021-07-31,79.2
2021-08-01,72.0
2021-08-02,72.9
2021-08-03,76.1
2021-08-04,79.3
2021-08-05,82.4
2021-08-06,82.0
2021-08-07,84.7
2021-08-08,87.1
2021-08-09,79.0
2021-08-10,92.5
2021-08-11,90.0
2021-08-12,90.7
2021-08-13,79.0
2021-08-14,76.8
2021-08-15,74.1
2021-08-16,74.5
2021-08-17,78.6
2021-08-18,80.1
2021-08-19,81.7
2021-08-20,81.1
2021-08-21,87.1
2021-08-22,75.6
2021-08-23,86.7
2021-08-24,87.1
2021-08-25,91.2
2021-08-26,84.9
2021-08-27,87.1
2021-08-28,91.2
2021-08-29,89.4
2021-08-30,80.1
2021-08-31,78.1
2021-09-01,73.0
2021-09-02,72.5
2021-09-03,74.1
2021-09-04,77.7
2021-09-05,80.8
2021-09-06,73.4
2021-09-07,86.0
2021-09-08,77.7
2021-09-09,74.1
2021-09-10,79.7
2021-09-11,86.9
2021-09-12,87.4
2021-09-13,85.5
2021-09-14,86.4
2021-09-15,72.9
2021-09-16,78.1
2021-09-17,85.6
2021-09-18,73.2
2021-09-19,82.2
2021-09-20,76.3
2021-09-21,72.5
2021-09-22,63.0
2021-09-23,61.7
2021-09-24,76.8
2021-09-25,68.7
2021-09-26,79.3
2021-09-27,82.0
2021-09-28,67.5
2021-09-29,72.7
2021-09-30,72.0
2021-10-01,79.2
2021-10-02,76.6
2021-10-03,71.6
2021-10-04,66.4
2021-10-05,67.8
2021-10-06,69.1
2021-10-07,67.1
2021-10-08,74.1
2021-10-09,76.5
2021-10-10,80.4
2021-10-11,78.3
2021-10-12,71.6
2021-10-13,71.1
2021-10-14,67.6
2021-10-15,62.2
2021-10-16,59.2
2021-10-17,65.3
2021-10-18,68.9
2021-10-19,70.7
2021-10-20,71.6
2021-10-21,65.1
2021-10-22,55.4
2021-10-23,53.4
2021-10-24,54.3
2021-10-25,56.4
2021-10-26,54.3
2021-10-27,55.2
2021-10-28,55.5
2021-10-29,56.3
2021-10-30,56.1
2021-10-31,53.6
2021-11-01,47.3
2021-11-02,45.0
2021-11-03,44.5
2021-11-04,47.3
2021-11-05,51.2
2021-11-06,55.9
2021-11-07,61.4
2021-11-08,63.1
2021-11-09,55.8
2021-11-10,57.4
2021-11-11,57.9
2021-11-12,46.0
2021-11-13,39.4
2021-11-14,39.0
2021-11-15,37.6
2021-11-16,49.4
2021-11-17,57.5
2021-11-18,43.8
2021-11-19,39.6
2021-11-20,49.3
2021-11-21,51.8
2021-11-22,34.7
2021-11-23,42.0
2021-11-24,49.9
2021-11-25,47.5
2021-11-26,31.7
2021-11-27,37.4
2021-11-28,38.1
2021-11-29,40.3
2021-11-30,48.7
2021-12-01,48.6
2021-12-02,52.3
2021-12-03,45.1
2021-12-04,41.8
2021-12-05,45.6
2021-12-06,44.4
2021-12-07,28.0
2021-12-08,31.3
2021-12-09,42.1
2021-12-10,56.1
2021-12-11,60.4
2021-12-12,46.4
2021-12-13,47.9
2021-12-14,48.5
2021-12-15,60.9
2021-12-16,63.9
2021-12-17,37.5
2021-12-18,38.3
2021-12-19,36.0
2021-12-20,41.3
2021-12-21,40.4
2021-12-22,30.7
2021-12-23,42.1
2021-12-24,51.4
2021-12-25,52.1
2021-12-26,39.9
2021-12-27,45.8
2021-12-28,37.4
2021-12-29,36.5
2021-12-30,39.3
2021-12-31,41.0
2022-01-01,38.6
2022-01-02,29.1
2022-01-03,21.2
2022-01-04,34.1
2022-01-05,33.4
2022-01-06,17.7
2022-01-07,16.4
2022-01-08,32.7
2022-01-09,34.0
2022-01-10,15.0
2022-01-11,36.1
2022-01-12,36.1
2022-01-13,34.1
2022-01-14,34.5
2022-01-15,25.6
2022-01-16,28.8
2022-01-17,28.7
2022-01-18,38.0
2022-01-19,36.1
2022-01-20,15.4
2022-01-21,24.1
2022-01-22,28.0
2022-01-23,21.2
2022-01-24,27.0
2022-01-25,12.2
2022-01-26,13.6
2022-01-27,28.0
2022-01-28,20.0
2022-01-29,21.5
2022-01-30,25.9
2022-01-31,30.3
2022-02-01,38.8
2022-02-02,26.1
2022-02-03,26.2
2022-02-04,23.7
2022-02-05,19.9
2022-02-06,31.8
2022-02-07,30.7
2022-02-08,36.3
2022-02-09,36.5
2022-02-10,32.9
2022-02-11,40.2
2022-02-12,24.6
2022-02-13,17.1
2022-02-14,25.9
2022-02-15,36.6
2022-02-16,48.7
2022-02-17,34.9
2022-02-18,29.5
2022-02-19,27.1
2022-02-20,42.5
2022-02-21,41.8
2022-02-22,43.1
2022-02-23,24.9
2022-02-24,27.1
2022-02-25,27.1
2022-02-26,30.4
2022-02-27,33.8
2022-02-28,41.4
2022-03-01,40.1
2022-03-02,43.8
2022-03-03,32.8
2022-03-04,37.6
2022-03-05,60.6
2022-03-06,59.5
2022-03-07,38.3
2022-03-08,38.1
2022-03-09,38.7
2022-03-10,30.4
2022-03-11,34.0
2022-03-12,23.5
2022-03-13,45.3
2022-03-14,54.5
2022-03-15,48.7
2022-03-16,61.8
2022-03-17,56.8
2022-03-18,44.5
2022-03-19,45.1
2022-03-20,55.9
2022-03-21,67.5
2022-03-22,55.8
2022-03-23,57.0
2022-03-24,47.2
2022-03-25,45.0
2022-03-26,37.0
2022-03-27,32.2
2022-03-28,30.9
2022-03-29,39.4
2022-03-30,56.7
2022-03-31,49.1
2022-04-01,41.9
2022-04-02,42.1
2022-04-03,44.6
2022-04-04,52.2
2022-04-05,54.1
2022-04-06,57.2
2022-04-07,44.8
2022-04-08,39.4
2022-04-09,42.1
2022-04-10,56.1
2022-04-11,59.7
2022-04-12,62.4
2022-04-13,65.5
2022-04-14,53.6
2022-04-15,52.7
2022-04-16,46.9
2022-04-17,39.9
2022-04-18,41.5
2022-04-19,46.8
2022-04-20,50.2
2022-04-21,66.6
2022-04-22,51.8
2022-04-23,77.2
2022-04-24,66.2
2022-04-25,55.6
2022-04-26,50.2
2022-04-27,41.0
2022-04-28,43.3
2022-04-29,56.1
2022-04-30,59.9
2022-05-01,55.9
2022-05-02,57.2
2022-05-03,46.0
2022-05-04,43.9
2022-05-05,51.6
2022-05-06,48.4
2022-05-07,54.9
2022-05-08,61.0
2022-05-09,73.6
2022-05-10,84.4
2022-05-11,79.0
2022-05-12,80.8
2022-05-13,81.0
2022-05-14,74.7
2022-05-15,64.0
2022-05-16,71.6
2022-05-17,59.2
2022-05-18,61.3
2022-05-19,79.2
2022-05-20,82.8
2022-05-21,58.6
2022-05-22,57.2
2022-05-23,56.3
2022-05-24,60.1
2022-05-25,67.6
2022-05-26,72.5
2022-05-27,58.8
2022-05-28,70.9
2022-05-29,79.9
2022-05-30,83.5
2022-05-31,80.6
2022-06-01,71.8
2022-06-02,68.4
2022-06-03,72.9
2022-06-04,65.7
2022-06-05,71.4
2022-06-06,71.4
2022-06-07,63.0
2022-06-08,58.6
2022-06-09,73.6
2022-06-10,67.8
2022-06-11,73.2
2022-06-12,67.5
2022-06-13,88.7
2022-06-14,94.1
2022-06-15,92.8
2022-06-16,88.2
2022-06-17,78.8
2022-06-18,64.6
2022-06-19,80.4
2022-06-20,88.2
2022-06-21,92.2
2022-06-22,81.1
2022-06-23,76.1
2022-06-24,82.0
2022-06-25,86.2
2022-06-26,74.5
2022-06-27,70.9
2022-06-28,81.1
2022-06-29,74.5
2022-06-30,87.6
2022-07-01,79.3
2022-07-02,76.6
2022-07-03,78.8
2022-07-04,87.8
2022-07-05,84.9
2022-07-06,75.2
2022-07-07,77.5
2022-07-08,73.8
2022-07-09,73.2
2022-07-10,78.4
2022-07-11,83.1
2022-07-12,81.0
2022-07-13,75.4
2022-07-14,73.9
2022-07-15,71.6
2022-07-16,76.8
2022-07-17,74.8
2022-07-18,80.6
2022-07-19,87.6
2022-07-20,87.1
2022-07-21,90.5
2022-07-22,86.7
2022-07-23,94.5
2022-07-24,83.5
2022-07-25,72.7
2022-07-26,77.4
2022-07-27,82.8
2022-07-28,81.3
2022-07-29,79.2
2022-07-30,79.2
2022-07-31,83.8
2022-08-01,84.2
2022-08-02,79.9
2022-08-03,95.0
2022-08-04,75.4
2022-08-05,80.8
2022-08-06,92.3
2022-08-07,83.7
2022-08-08,85.1
2022-08-09,73.0
2022-08-10,77.7
2022-08-11,75.7
2022-08-12,71.6
2022-08-13,75.6
2022-08-14,72.5
2022-08-15,73.6
2022-08-16,73.6
2022-08-17,75.2
2022-08-18,79.0
2022-08-19,85.3
2022-08-20,78.1
2022-08-21,72.9
2022-08-22,74.3
2022-08-23,78.3
2022-08-24,79.9
2022-08-25,84.7
2022-08-26,72.3
2022-08-27,78.3
2022-08-28,88.0
2022-08-29,91.9
2022-08-30,79.3
2022-08-31,83.8
2022-09-01,86.2
2022-09-02,85.6
2022-09-03,85.6
2022-09-04,76.3
2022-09-05,71.8
2022-09-06,74.3
2022-09-07,75.2
2022-09-08,78.3
2022-09-09,80.8
2022-09-10,83.8
2022-09-11,69.3
2022-09-12,62.8
2022-09-13,72.7
2022-09-14,73.4
2022-09-15,80.6
2022-09-16,82.8
2022-09-17,85.8
2022-09-18,88.0
2022-09-19,73.4
2022-09-20,88.7
2022-09-21,79.3
2022-09-22,62.6
2022-09-23,65.5
2022-09-24,75.0
2022-09-25,67.8
2022-09-26,60.8
2022-09-27,57.4
2022-09-28,56.5
2022-09-29,59.5
2022-09-30,61.9
2022-10-01,63.3
2022-10-02,61.7
2022-10-03,61.5
2022-10-04,68.9
2022-10-05,73.8
2022-10-06,70.9
2022-10-07,54.3
2022-10-08,57.0
2022-10-09,66.2
2022-10-10,66.9
2022-10-11,73.2
2022-10-12,65.7
2022-10-13,53.8
2022-10-14,58.3
2022-10-15,54.9
2022-10-16,54.7
2022-10-17,43.8
2022-10-18,46.2
2022-10-19,47.5
2022-10-20,57.1
2022-10-21,71.2
2022-10-22,75.4
2022-10-23,75.6
2022-10-24,72.8
2022-10-25,69.3
2022-10-26,54.7
2022-10-27,53.0
2022-10-28,54.1
2022-10-29,59.4
2022-10-30,58.5
2022-10-31,56.8
2022-11-01,66.1
2022-11-02,66.3
2022-11-03,68.1
2022-11-04,67.9
2022-11-05,66.8
2022-11-06,60.8
2022-11-07,53.3
2022-11-08,52.9
2022-11-09,64.9
2022-11-10,71.1
2022-11-11,62.3
2022-11-12,38.3
2022-11-13,37.6
2022-11-14,40.0
2022-11-15,38.6
2022-11-16,36.8
2022-11-17,32.6
2022-11-18,27.0
2022-11-19,28.3
2022-11-20,32.6
2022-11-21,43.1
2022-11-22,47.7
2022-11-23,51.3
2022-11-24,51.7
2022-11-25,49.2
2022-11-26,53.2
2022-11-27,46.8
2022-11-28,46.0
2022-11-29,56.4
2022-11-30,42.1
2022-12-01,33.5
2022-12-02,49.9
2022-12-03,50.7
2022-12-04,36.8
2022-12-05,42.0
2022-12-06,41.5
2022-12-07,46.6
2022-12-08,40.1
2022-12-09,39.8
2022-12-10,40.0
2022-12-11,40.2
2022-12-12,39.7
2022-12-13,41.1
2022-12-14,42.7
2022-12-15,38.9
2022-12-16,31.6
2022-12-17,28.0
2022-12-18,25.8
2022-12-19,29.6
2022-12-20,32.6
2022-12-21,33.4
2022-12-22,34.1
2022-12-23,3.1
2022-12-24,11.6
2022-12-25,12.7
2022-12-26,21.6
2022-12-27,25.0
2022-12-28,40.3
2022-12-29,53.6
2022-12-30,54.1
2022-12-31,39.5
2023-01-01,44.6
2023-01-02,41.4
2023-01-03,46.8
2023-01-04,45.1
2023-01-05,34.2
2023-01-06,35.2
2023-01-07,34.5
2023-01-08,34.3
2023-01-09,37.8
2023-01-10,43.9
2023-01-11,45.9
2023-01-12,42.1
2023-01-13,34.2
2023-01-14,34.4
2023-01-15,38.9
2023-01-16,45.6
2023-01-17,47.7
2023-01-18,38.1
2023-01-19,43.0
2023-01-20,34.3
2023-01-21,36.0
2023-01-22,34.9
2023-01-23,35.7
2023-01-24,36.9
2023-01-25,33.4
2023-01-26,31.9
2023-01-27,34.3
2023-01-28,28.1
2023-01-29,28.5
2023-01-30,17.3
2023-01-31,13.2
2023-02-01,25.3
2023-02-02,29.7
2023-02-03,14.5
2023-02-04,36.9
2023-02-05,36.8
2023-02-06,41.3
2023-02-07,46.0
2023-02-08,38.8
2023-02-09,42.7
2023-02-10,35.1
2023-02-11,40.4
2023-02-12,45.7
2023-02-13,47.0
2023-02-14,49.9
2023-02-15,50.4
2023-02-16,35.6
2023-02-17,28.2
2023-02-18,37.0
2023-02-19,47.1
2023-02-20,42.2
2023-02-21,42.2
2023-02-22,33.7
2023-02-23,36.6
2023-02-24,27.4
2023-02-25,37.9
2023-02-26,43.2
2023-02-27,56.6
2023-02-28,45.0
2023-03-01,52.7
2023-03-02,43.4
2023-03-03,36.0
2023-03-04,46.2
2023-03-05,41.0
2023-03-06,46.8
2023-03-07,37.4
2023-03-08,39.4
2023-03-09,38.8
2023-03-10,35.2
2023-03-11,37.0
2023-03-12,36.2
2023-03-13,33.1
2023-03-14,30.7
2023-03-15,47.5
2023-03-16,46.6
2023-03-17,46.8
2023-03-18,25.9
2023-03-19,37.4
2023-03-20,48.2
2023-03-21,49.8
2023-03-22,46.6
2023-03-23,45.0
2023-03-24,41.7
2023-03-25,37.8
2023-03-26,37.3
2023-03-27,37.8
2023-03-28,46.2
2023-03-29,40.3
2023-03-30,51.9
2023-03-31,60.8
2023-04-01,53.1
2023-04-02,55.4
2023-04-03,51.1
2023-04-04,63.9
2023-04-05,70.9
2023-04-06,51.9
2023-04-07,43.5
2023-04-08,53.3
2023-04-09,60.1
2023-04-10,63.7
2023-04-11,70.7
2023-04-12,74.8
2023-04-13,74.8
2023-04-14,70.9
2023-04-15,75.6
2023-04-16,64.8
2023-04-17,40.8
2023-04-18,52.2
2023-04-19,69.6
2023-04-20,74.3
2023-04-21,60.4
2023-04-22,48.2
2023-04-23,44.4
2023-04-24,49.6
2023-04-25,42.3
2023-04-26,45.0
2023-04-27,56.7
2023-04-28,48.0
2023-04-29,54.7
2023-04-30,44.2
2023-05-01,43.3
2023-05-02,46.2
2023-05-03,47.1
2023-05-04,63.9
2023-05-05,68.2
2023-05-06,69.8
2023-05-07,74.7
2023-05-08,68.7
2023-05-09,55.9
2023-05-10,64.6
2023-05-11,69.1
2023-05-12,62.6
2023-05-13,59.0
2023-05-14,54.1
2023-05-15,56.7
2023-05-16,72.5
2023-05-17,55.9
2023-05-18,67.1
2023-05-19,66.0
2023-05-20,59.4
2023-05-21,69.4
2023-05-22,67.5
2023-05-23,73.0
2023-05-24,63.7
2023-05-25,55.8
2023-05-26,57.7
2023-05-27,62.8
2023-05-28,65.1
2023-05-29,68.2
2023-05-30,74.1
2023-05-31,77.2
2023-06-01,74.8
2023-06-02,76.5
2023-06-03,71.6
2023-06-04,69.6
2023-06-05,70.7
2023-06-06,68.5
2023-06-07,63.7
2023-06-08,63.3
2023-06-09,68.5
2023-06-10,78.8
2023-06-11,68.5
2023-06-12,66.4
2023-06-13,65.7
2023-06-14,66.0
2023-06-15,72.5
2023-06-16,63.5
2023-06-17,69.3
2023-06-18,77.4
2023-06-19,74.5
2023-06-20,71.6
2023-06-21,77.0
2023-06-22,74.5
2023-06-23,75.6
2023-06-24,78.8
2023-06-25,83.1
2023-06-26,72.1
2023-06-27,68.5
2023-06-28,75.2
2023-06-29,79.3
2023-06-30,79.9
2023-07-01,79.9
2023-07-02,70.2
2023-07-03,77.5
2023-07-04,86.5
2023-07-05,87.3
2023-07-06,72.5
2023-07-07,72.9
2023-07-08,69.8
2023-07-09,76.1
2023-07-10,84.9
2023-07-11,83.1
2023-07-12,68.7
2023-07-13,72.0
2023-07-14,84.4
2023-07-15,82.8
2023-07-16,82.0
2023-07-17,77.0
2023-07-18,73.8
2023-07-19,76.8
2023-07-20,86.2
2023-07-21,76.1
2023-07-22,83.7
2023-07-23,84.2
2023-07-24,81.5
2023-07-25,88.7
2023-07-26,96.4
2023-07-27,83.5
2023-07-28,98.2
2023-07-29,76.3
2023-07-30,75.0
2023-07-31,78.8
2023-08-01,79.3
2023-08-02,85.8
2023-08-03,82.9
2023-08-04,79.7
2023-08-05,73.0
2023-08-06,72.3
2023-08-07,71.4
2023-08-08,84.2
2023-08-09,84.2
2023-08-10,84.0
2023-08-11,84.6
2023-08-12,80.8
2023-08-13,75.7
2023-08-14,71.4
2023-08-15,71.6
2023-08-16,81.3
2023-08-17,79.0
2023-08-18,75.2
2023-08-19,85.3
2023-08-20,88.2
2023-08-21,74.8
2023-08-22,78.4
2023-08-23,98.8
2023-08-24,105.1
2023-08-25,76.6
2023-08-26,73.2
2023-08-27,70.7
2023-08-28,75.2
2023-08-29,85.3
2023-08-30,68.0
2023-08-31,71.6
2023-09-01,82.0
2023-09-02,90.1
2023-09-03,95.4
2023-09-04,92.1
2023-09-05,93.0
2023-09-06,86.7
2023-09-07,69.1
2023-09-08,68.7
2023-09-09,69.6
2023-09-10,73.8
2023-09-11,68.7
2023-09-12,66.0
2023-09-13,66.6
2023-09-14,67.3
2023-09-15,75.6
2023-09-16,68.7
2023-09-17,66.9
2023-09-18,66.9
2023-09-19,68.0
2023-09-20,78.3
2023-09-21,77.2
2023-09-22,75.6
2023-09-23,74.5
2023-09-24,71.6
2023-09-25,72.1
2023-09-26,71.2
2023-09-27,65.1
2023-09-28,66.2
2023-09-29,71.1
2023-09-30,77.7
2023-10-01,78.8
2023-10-02,80.8
2023-10-03,82.8
2023-10-04,82.2
2023-10-05,74.8
2023-10-06,64.4
2023-10-07,57.0
2023-10-08,54.1
2023-10-09,56.8
2023-10-10,56.9
2023-10-11,62.4
2023-10-12,57.6
2023-10-13,57.5
2023-10-14,56.1
2023-10-15,56.2
2023-10-16,55.0
2023-10-17,61.0
2023-10-18,65.5
2023-10-19,60.3
2023-10-20,59.0
2023-10-21,60.6
2023-10-22,52.9
2023-10-23,62.1
2023-10-24,77.9
2023-10-25,70.5
2023-10-26,68.4
2023-10-27,70.0
2023-10-28,48.4
2023-10-29,47.8
2023-10-30,41.0
2023-10-31,37.0
2023-11-01,41.5
2023-11-02,51.0
2023-11-03,54.8
2023-11-04,51.9
2023-11-05,57.0
2023-11-06,65.1
2023-11-07,57.1
2023-11-08,61.2
2023-11-09,56.1
2023-11-10,48.2
2023-11-11,47.7
2023-11-12,55.2
2023-11-13,58.4
2023-11-14,57.9
2023-11-15,61.0
2023-11-16,62.2
2023-11-17,59.8
2023-11-18,52.0
2023-11-19,49.7
2023-11-20,47.7
2023-11-21,45.9
2023-11-22,44.9
2023-11-23,44.4
2023-11-24,39.8
2023-11-25,38.8
2023-11-26,35.9
2023-11-27,30.3
2023-11-28,23.9
2023-11-29,36.7
2023-11-30,46.8
2023-12-01,43.6
2023-12-02,42.0
2023-12-03,41.6
2023-12-04,40.7
2023-12-05,39.7
2023-12-06,40.5
2023-12-07,48.6
2023-12-08,52.6
2023-12-09,55.3
2023-12-10,37.2
2023-12-11,37.6
2023-12-12,36.5
2023-12-13,39.5
2023-12-14,46.0
2023-12-15,46.7
2023-12-16,44.2
2023-12-17,44.7
2023-12-18,40.1
2023-12-19,33.3
2023-12-20,38.8
2023-12-21,41.8
2023-12-22,43.6
2023-12-23,45.7
2023-12-24,54.1
2023-12-25,50.0
2023-12-26,50.7
2023-12-27,41.5
2023-12-28,41.7
2023-12-29,
2023-12-30,
2023-12-31,
2024-01-01,
2024-01-02,
2024-01-03,
2024-01-04,
2024-01-05,
2024-01-06,
2024-01-07,
2024-01-08,
2024-01-09,
2024-01-10,
2024-01-11,
2024-01-12,
2024-01-13,
2024-01-14,
2024-01-15,
2024-01-16,
2024-01-17,
2024-01-18,
2024-01-19,
2024-01-20,17.1
2024-01-21,19.7
2024-01-22,31.8
2024-01-23,33.7
2024-01-24,36.7
2024-01-25,38.5
2024-01-26,40.2
2024-01-27,37.7
2024-01-28,38.9
2024-01-29,36.6
2024-01-30,38.7
2024-01-31,39.1
2024-02-01,41.9
2024-02-02,38.5
2024-02-03,35.3
2024-02-04,34.9
2024-02-05,35.4
2024-02-06,35.5
2024-02-07,42.9
2024-02-08,51.8
2024-02-09,50.3
2024-02-10,36.9
2024-02-11,34.4
2024-02-12,44.1
2024-02-13,35.9
2024-02-14,40.9
2024-02-15,42.1
2024-02-16,32.5
2024-02-17,28.2
2024-02-18,41.2
2024-02-19,47.3
2024-02-20,57.0
2024-02-21,64.3
2024-02-22,52.0
2024-02-23,44.1
2024-02-24,31.0
2024-02-25,59.2
2024-02-26,67.8
2024-02-27,74.5
2024-02-28,48.1
2024-02-29,45.9
2024-03-01,50.8
2024-03-02,53.2
2024-03-03,63.0
2024-03-04,69.9
2024-03-05,40.9
2024-03-06,42.1
2024-03-07,42.8
2024-03-08,42.8
2024-03-09,39.7
2024-03-10,41.8
2024-03-11,64.0
2024-03-12,70.5
2024-03-13,55.9
2024-03-14,49.3
2024-03-15,42.9
2024-03-16,52.0
2024-03-17,34.6
2024-03-18,33.5
2024-03-19,57.1
2024-03-20,38.7
2024-03-21,35.7
2024-03-22,38.1
2024-03-23,35.7
2024-03-24,43.6
2024-03-25,65.0
2024-03-26,55.9
2024-03-27,39.5
2024-03-28,47.9
2024-03-29,44.2
2024-03-30,56.2
2024-03-31,41.2
2024-04-01,42.3
2024-04-02,41.3
2024-04-03,39.7
2024-04-04,41.0
2024-04-05,41.4
2024-04-06,45.5
2024-04-07,48.8
2024-04-08,61.1
2024-04-09,60.6
2024-04-10,63.9
2024-04-11,51.6
2024-04-12,58.7
2024-04-13,70.7
2024-04-14,77.3
2024-04-15,68.8
2024-04-16,64.8
2024-04-17,66.4
2024-04-18,51.1
2024-04-19,52.5
2024-04-20,42.3
2024-04-21,57.7
2024-04-22,66.4
2024-04-23,62.5
2024-04-24,44.3
2024-04-25,49.5
2024-04-26,64.0
2024-04-27,75.2
2024-04-28,68.8
2024-04-29,66.5
2024-04-30,66.7
2024-05-01,73.7
2024-05-02,69.6
2024-05-03,62.2
2024-05-04,63.7
2024-05-05,61.6
2024-05-06,62.2
2024-05-07,73.6
2024-05-08,69.8
2024-05-09,55.6
2024-05-10,61.2
2024-05-11,62.9
2024-05-12,82.8
2024-05-13,81.3
2024-05-14,60.2
2024-05-15,61.4
2024-05-16,72.7
2024-05-17,68.7
2024-05-18,78.1
2024-05-19,69.1
2024-05-20,85.1
2024-05-21,88.5
2024-05-22,74.0
2024-05-23,72.5
2024-05-24,81.7
2024-05-25,67.3
2024-05-26,70.6
2024-05-27,69.8
2024-05-28,68.9
2024-05-29,61.9
2024-05-30,65.0
2024-05-31,74.3
2024-06-01,68.3
2024-06-02,67.8
2024-06-03,84.1
2024-06-04,87.1
2024-06-05,73.7
2024-06-06,72.4
2024-06-07,75.2
2024-06-08,70.8
2024-06-09,76.3
2024-06-10,64.6
2024-06-11,74.0
2024-06-12,90.2
2024-06-13,91.1
2024-06-14,76.0
2024-06-15,78.7
2024-06-16,92.0
2024-06-17,91.1
2024-06-18,91.1
2024-06-19,92.5
2024-06-20,71.8
2024-06-21,78.3
2024-06-22,92.7
2024-06-23,75.6
2024-06-24,75.0
2024-06-25,91.5
2024-06-26,79.7
2024-06-27,68.7
2024-06-28,86.0
2024-06-29,90.7
2024-06-30,66.5
2024-07-01,70.0
2024-07-02,83.7
2024-07-03,84.8
2024-07-04,83.1
2024-07-05,81.7
2024-07-06,74.5
2024-07-07,87.0
2024-07-08,79.5
2024-07-09,79.1
2024-07-10,73.5
2024-07-11,74.3
2024-07-12,78.1
2024-07-13,84.5
2024-07-14,87.1
2024-07-15,79.8
2024-07-16,76.4
2024-07-17,77.2
2024-07-18,72.7
2024-07-19,76.3
2024-07-20,80.4
2024-07-21,81.2
2024-07-22,79.4
2024-07-23,85.7
2024-07-24,74.5
2024-07-25,76.3
2024-07-26,78.0
2024-07-27,81.5
2024-07-28,79.9
2024-07-29,82.5
2024-07-30,84.4
2024-07-31,92.4
2024-08-01,80.9
2024-08-02,79.7
2024-08-03,83.0
2024-08-04,92.1
2024-08-05,89.7
2024-08-06,77.0
2024-08-07,76.9
2024-08-08,79.1
2024-08-09,75.4
2024-08-10,76.1
2024-08-11,79.5
2024-08-12,79.7
2024-08-13,80.8
2024-08-14,80.4
2024-08-15,75.2
2024-08-16,84.4
2024-08-17,76.1
2024-08-18,73.6
2024-08-19,74.2
2024-08-20,69.1
2024-08-21,72.9
2024-08-22,75.0
2024-08-23,81.5
2024-08-24,81.8
2024-08-25,89.8
2024-08-26,97.2
2024-08-27,99.3
2024-08-28,86.2
2024-08-29,78.9
2024-08-30,82.5
2024-08-31,80.8
2024-09-01,72.7
2024-09-02,71.8
2024-09-03,73.6
2024-09-04,78.7
2024-09-05,88.0
2024-09-06,68.5
2024-09-07,61.4
2024-09-08,74.1
2024-09-09,81.0
2024-09-10,83.5
2024-09-11,83.5
2024-09-12,82.2
2024-09-13,80.8
2024-09-14,81.4
2024-09-15,82.4
2024-09-16,83.8
2024-09-17,79.0
2024-09-18,78.9
2024-09-19,84.7
2024-09-20,87.8
2024-09-21,82.4
2024-09-22,73.6
2024-09-23,67.6
2024-09-24,68.7
2024-09-25,68.6
2024-09-26,71.7
2024-09-27,72.4
2024-09-28,70.6
2024-09-29,70.2
2024-09-30,71.8
2024-10-01,67.3
2024-10-02,72.0
2024-10-03,74.9
2024-10-04,69.9
2024-10-05,77.2
2024-10-06,71.8
2024-10-07,64.4
2024-10-08,70.5
2024-10-09,66.8
2024-10-10,65.5
2024-10-11,81.3
2024-10-12,62.3
2024-10-13,66.0
2024-10-14,53.8
2024-10-15,47.3
2024-10-16,50.9
2024-10-17,62.2
2024-10-18,67.0
2024-10-19,70.2
2024-10-20,78.1
2024-10-21,80.0
2024-10-22,75.4
2024-10-23,60.8
2024-10-24,62.2
2024-10-25,60.1
2024-10-26,53.0
2024-10-27,55.6
2024-10-28,65.7
2024-10-29,80.7
2024-10-30,79.1
2024-10-31,69.0
2024-11-01,48.2
2024-11-02,52.6
2024-11-03,61.2
2024-11-04,66.5
2024-11-05,67.1
2024-11-06,55.9
2024-11-07,49.7
2024-11-08,55.9
2024-11-09,55.1
2024-11-10,59.5
2024-11-11,51.1
2024-11-12,45.7
2024-11-13,53.6
2024-11-14,54.7
2024-11-15,50.7
2024-11-16,47.8
2024-11-17,57.0
2024-11-18,55.5
2024-11-19,58.4
2024-11-20,45.9
2024-11-21,41.7
2024-11-22,43.0
2024-11-23,40.8
2024-11-24,48.0
2024-11-25,51.0
2024-11-26,38.5
2024-11-27,41.9
2024-11-28,38.7
2024-11-29,27.4
2024-11-30,24.0
2024-12-01,23.7
2024-12-02,28.4
2024-12-03,29.8
2024-12-04,35.7
2024-12-05,29.4
2024-12-06,25.0
2024-12-07,46.6
2024-12-08,48.5
2024-12-09,54.5
2024-12-10,38.8
2024-12-11,31.3
2024-12-12,11.3
2024-12-13,26.2
2024-12-14,37.5
2024-12-15,47.4
2024-12-16,52.6
2024-12-17,38.1
2024-12-18,34.3
2024-12-19,31.6
2024-12-20,34.9
2024-12-21,25.8
2024-12-22,34.0
2024-12-23,42.4
2024-12-24,36.3
2024-12-25,37.7
2024-12-26,45.4
2024-12-27,49.2
2024-12-28,51.0
2024-12-29,44.0
2024-12-30,37.8
2024-12-31,38.0
2025-01-01,33.3
2025-01-02,30.3
2025-01-03,23.5
2025-01-04,20.3
2025-01-05,26.4
2025-01-06,29.9
2025-01-07,24.1
2025-01-08,22.6
2025-01-09,25.4
2025-01-10,29.3
2025-01-11,29.0
2025-01-12,34.9
2025-01-13,24.1
2025-01-14,18.5
2025-01-15,21.5
2025-01-16,34.4
2025-01-17,42.1
2025-01-18,37.7
2025-01-19,15.6
2025-01-20,6.5
2025-01-21,1.3
2025-01-22,23.2
2025-01-23,20.0
2025-01-24,21.4
2025-01-25,34.7
2025-01-26,29.3
2025-01-27,38.5
2025-01-28,46.3
2025-01-29,43.9
2025-01-30,56.0
2025-01-31,44.8
2025-02-01,33.1
2025-02-02,42.8
2025-02-03,53.4
2025-02-04,32.2
2025-02-05,30.7
2025-02-06,38.1
2025-02-07,29.0
2025-02-08,30.5
2025-02-09,29.1
2025-02-10,31.2
2025-02-11,26.2
2025-02-12,28.3
2025-02-13,26.2
2025-02-14,26.5
2025-02-15,32.6
2025-02-16,30.1
2025-02-17,13.9
2025-02-18,12.4
2025-02-19,15.6
2025-02-20,24.4
2025-02-21,30.8
2025-02-22,36.8
2025-02-23,49.2
2025-02-24,58.8
2025-02-25,50.6
2025-02-26,49.2
2025-02-27,43.1
2025-02-28,57.1
2025-03-01,30.4
2025-03-02,34.8
2025-03-03,41.0
2025-03-04,48.1
2025-03-05,52.0
2025-03-06,38.3
2025-03-07,36.2
2025-03-08,48.7
2025-03-09,58.5
2025-03-10,68.3
2025-03-11,56.9
2025-03-12,44.9
2025-03-13,48.0
2025-03-14,76.2
2025-03-15,67.0
2025-03-16,41.1
2025-03-17,53.9
2025-03-18,72.2
2025-03-19,59.7
2025-03-20,37.9
2025-03-21,60.4
2025-03-22,45.5
2025-03-23,47.7
2025-03-24,42.2
2025-03-25,41.2
2025-03-26,45.5
2025-03-27,48.6
2025-03-28,73.4
2025-03-29,73.1
2025-03-30,69.0
2025-03-31,40.6
2025-04-01,44.5
2025-04-02,69.3
2025-04-03,53.1
2025-04-04,44.2
2025-04-05,48.7
2025-04-06,45.5
2025-04-07,36.8
2025-04-08,37.4
2025-04-09,43.5
2025-04-10,42.6
2025-04-11,46.9
2025-04-12,54.1
2025-04-13,64.0
2025-04-14,63.4
2025-04-15,45.8
2025-04-16,43.8
2025-04-17,69.2
2025-04-18,81.7
2025-04-19,64.9
2025-04-20,48.5
2025-04-21,60.6
2025-04-22,76.0
2025-04-23,70.5
2025-04-24,61.5
2025-04-25,52.1
2025-04-26,50.1
2025-04-27,59.9
2025-04-28,82.6
2025-04-29,73.3
2025-04-30,56.5
2025-05-01,64.6
2025-05-02,53.7
2025-05-03,46.6
2025-05-04,52.2
2025-05-05,55.0
2025-05-06,68.5
2025-05-07,58.5
2025-05-08,53.8
2025-05-09,55.7
2025-05-10,75.4
2025-05-11,62.6
2025-05-12,71.2
2025-05-13,72.6
2025-05-14,67.3
2025-05-15,84.1
2025-05-16,86.0
2025-05-17,66.4
2025-05-18,56.6
2025-05-19,56.5
2025-05-20,55.8
2025-05-21,57.5
2025-05-22,53.3
2025-05-23,54.2
2025-05-24,54.6
2025-05-25,58.3
2025-05-26,60.3
2025-05-27,62.1
2025-05-28,58.3
2025-05-29,67.2
2025-05-30,79.2
2025-05-31,62.5
2025-06-01,60.9
2025-06-02,83.3
2025-06-03,89.1
2025-06-04,74.5
2025-06-05,67.8
2025-06-06,70.9
2025-06-07,70.9
2025-06-08,77.9
2025-06-09,73.9
2025-06-10,75.8
2025-06-11,90.9
2025-06-12,76.3
2025-06-13,79.7
2025-06-14,72.1
2025-06-15,76.0
2025-06-16,81.6
2025-06-17,88.9
2025-06-18,78.6
2025-06-19,80.2
2025-06-20,80.3
2025-06-21,93.9
2025-06-22,94.9
2025-06-23,95.9
2025-06-24,80.9
2025-06-25,79.7
2025-06-26,94.3
2025-06-27,88.9
2025-06-28,76.7
2025-06-29,90.5
2025-06-30,83.5
2025-07-01,79.8
2025-07-02,84.7
2025-07-03,87.6
2025-07-04,88.1
2025-07-05,95.3
2025-07-06,87.5
2025-07-07,72.6
2025-07-08,83.6
2025-07-09,80.1
2025-07-10,80.3
2025-07-11,84.5
2025-07-12,82.4
2025-07-13,81.0
2025-07-14,82.9
2025-07-15,87.0
2025-07-16,94.3
2025-07-17,74.5
2025-07-18,74.5
2025-07-19,90.7
2025-07-20,75.5
2025-07-21,80.2
2025-07-22,84.8
2025-07-23,96.1
2025-07-24,95.8
2025-07-25,81.5
2025-07-26,79.5
2025-07-27,84.4
2025-07-28,89.2
2025-07-29,95.9
2025-07-30,82.5
2025-07-31,76.3
2025-08-01,75.6
2025-08-02,77.7
2025-08-03,78.2
2025-08-04,79.6
2025-08-05,81.1
2025-08-06,83.0
2025-08-07,89.9
2025-08-08,92.0
2025-08-09,96.4
2025-08-10,93.0
2025-08-11,90.5
2025-08-12,78.7
2025-08-13,79.3
2025-08-14,79.6
2025-08-15,83.8
2025-08-16,94.5
2025-08-17,75.1
2025-08-18,79.5
2025-08-19,75.2
2025-08-20,72.9
2025-08-21,74.4
2025-08-22,77.1
2025-08-23,85.7
2025-08-24,73.3
2025-08-25,69.8
2025-08-26,72.0
2025-08-27,76.7
2025-08-28,75.6
2025-08-29,68.9
2025-08-30,69.8
2025-08-31,73.4
